PPID,EFFDT,EXPDT,FEATURECD,QSECT,CONV,PSECTPPID,PSECT,PTWPPPID,PTWP,PRGE,PMER
105021942,20000619,,OQSECPPID,NW,200,104140152,14,103000152,17,31,1
105021946,20000619,,OQSECPPID,NW,200,104150152,15,103000152,17,31,1
105021951,20000619,,OQSECPPID,NE,100,104160152,16,103000152,17,31,1
105021954,20000619,,OQSECPPID,NW,200,104170152,17,103000152,17,31,1
105021958,20000619,,OQSECPPID,NW,200,104180152,18,103000152,17,31,1
105021910,20000619,,OQSECPPID,NW,200,104060152,6,103000152,17,31,1
105021888,20000619,,OQSECPPID,SE,300,104010152,1,103000152,17,31,1
105021892,20000619,,OQSECPPID,SE,300,104020152,2,103000152,17,31,1
105021902,20000619,,OQSECPPID,NW,200,104040152,4,103000152,17,31,1
105021907,20000619,,OQSECPPID,NE,100,104050152,5,103000152,17,31,1
105021896,20000619,,OQSECPPID,SE,300,104030152,3,103000152,17,31,1
105041404,20000630,,OQSECPPID,SE,300,104200287,20,103000287,17,32,1
105041382,20000630,,OQSECPPID,NW,200,104140287,14,103000287,17,32,1
105041339,20000630,,OQSECPPID,NE,100,104030287,3,103000287,17,32,1
105041340,20000630,,OQSECPPID,SE,300,104040287,4,103000287,17,32,1
105041344,20000630,,OQSECPPID,SE,300,104050287,5,103000287,17,32,1
105041348,20000630,,OQSECPPID,SE,300,104060287,6,103000287,17,32,1
105041251,20000630,,OQSECPPID,NE,100,104170286,17,103000286,16,32,1
105041256,20000630,,OQSECPPID,SE,300,104190286,19,103000286,16,32,1
105041254,20000630,,OQSECPPID,NW,200,104180286,18,103000286,16,32,1
105041217,20000630,,OQSECPPID,SW,400,104090286,9,103000286,16,32,1
105041213,20000630,,OQSECPPID,SW,400,104080286,8,103000286,16,32,1
105060827,20000703,,OQSECPPID,NE,100,104150422,15,103000422,17,33,1
105060831,20000703,,OQSECPPID,NE,100,104160422,16,103000422,17,33,1
105060835,20000703,,OQSECPPID,NE,100,104170422,17,103000422,17,33,1
105060815,20000703,,OQSECPPID,NE,100,104120422,12,103000422,17,33,1
105060811,20000703,,OQSECPPID,NE,100,104110422,11,103000422,17,33,1
105060807,20000703,,OQSECPPID,NE,100,104100422,10,103000422,17,33,1
105060799,20000703,,OQSECPPID,NE,100,104080422,8,103000422,17,33,1
105060803,20000703,,OQSECPPID,NE,100,104090422,9,103000422,17,33,1
105060771,20000703,,OQSECPPID,NE,100,104010422,1,103000422,17,33,1
105060775,20000703,,OQSECPPID,NE,100,104020422,2,103000422,17,33,1
105060779,20000703,,OQSECPPID,NE,100,104030422,3,103000422,17,33,1
105060783,20000703,,OQSECPPID,NE,100,104040422,4,103000422,17,33,1
105060787,20000703,,OQSECPPID,NE,100,104050422,5,103000422,17,33,1
105060978,20000704,,OQSECPPID,NW,200,104170423,17,103000423,18,33,1
105060974,20000704,,OQSECPPID,NW,200,104160423,16,103000423,18,33,1
105041463,20000630,,OQSECPPID,NE,100,104340287,34,103000287,17,32,1
105041459,20000630,,OQSECPPID,NE,100,104330287,33,103000287,17,32,1
105041451,20010419,,OQSECPPID,NE,100,104310287,31,103000287,17,32,1
105021779,20000619,,OQSECPPID,NE,100,104090151,9,103000151,16,31,1
105021775,20000619,,OQSECPPID,NE,100,104080151,8,103000151,16,31,1
105021771,20000619,,OQSECPPID,NE,100,104070151,7,103000151,16,31,1
105021790,20000619,,OQSECPPID,NW,200,104120151,12,103000151,16,31,1
105021878,20000619,,OQSECPPID,NW,200,104340151,34,103000151,16,31,1
105021880,20000619,,OQSECPPID,SE,300,104350151,35,103000151,16,31,1
105021872,20000619,,OQSECPPID,SE,300,104330151,33,103000151,16,31,1
105021868,20000619,,OQSECPPID,SE,300,104320151,32,103000151,16,31,1
105021867,20000619,,OQSECPPID,NE,100,104310151,31,103000151,16,31,1
105021842,20000619,,OQSECPPID,NW,200,104250151,25,103000151,16,31,1
105021846,20000619,,OQSECPPID,NW,200,104260151,26,103000151,16,31,1
105021850,20000619,,OQSECPPID,NW,200,104270151,27,103000151,16,31,1
105021854,20000619,,OQSECPPID,NW,200,104280151,28,103000151,16,31,1
105021862,20000619,,OQSECPPID,NW,200,104300151,30,103000151,16,31,1
105021858,20000619,,OQSECPPID,NW,200,104290151,29,103000151,16,31,1
105002543,20000617,,OQSECPPID,NE,100,104240017,24,103000017,17,30,1
105002539,20020606,,OQSECPPID,NE,100,104230017,23,103000017,17,30,1
105002535,20020606,,OQSECPPID,NE,100,104220017,22,103000017,17,30,1
105002560,20000617,,OQSECPPID,SE,300,104290017,29,103000017,17,30,1
105002346,20000617,,OQSECPPID,NW,200,104110016,11,103000016,16,30,1
105002342,20000617,,OQSECPPID,NW,200,104100016,10,103000016,16,30,1
105002335,20000617,,OQSECPPID,NE,100,104080016,8,103000016,16,30,1
105002331,20000617,,OQSECPPID,NE,100,104070016,7,103000016,16,30,1
105002336,20000617,,OQSECPPID,SE,300,104090016,9,103000016,16,30,1
105002307,20000617,,OQSECPPID,NE,100,104010016,1,103000016,16,30,1
105041452,20000630,,OQSECPPID,SE,300,104320287,32,103000287,17,32,1
105002313,20000617,,OQSECPPID,SW,400,104030016,3,103000016,16,30,1
105002317,20000617,,OQSECPPID,SW,400,104040016,4,103000016,16,30,1
105002321,20000617,,OQSECPPID,SW,400,104050016,5,103000016,16,30,1
105002295,20000617,,OQSECPPID,NE,100,104340015,34,103000015,15,30,1
105002299,20000617,,OQSECPPID,NE,100,104350015,35,103000015,15,30,1
105002424,20000617,,OQSECPPID,SE,300,104310016,31,103000016,16,30,1
105002403,20000617,,OQSECPPID,NE,100,104250016,25,103000016,16,30,1
105002407,20000617,,OQSECPPID,NE,100,104260016,26,103000016,16,30,1
105002411,20000617,,OQSECPPID,NE,100,104270016,27,103000016,16,30,1
105002415,20000617,,OQSECPPID,NE,100,104280016,28,103000016,16,30,1
105002499,20020606,,OQSECPPID,NE,100,104130017,13,103000017,17,30,1
105002503,20000617,,OQSECPPID,NE,100,104140017,14,103000017,17,30,1
105099552,20000619,,OQSECPPID,SE,300,104130691,13,103000691,16,1,2
105060657,20000703,,OQSECPPID,SW,400,104090421,9,103000421,16,33,1
105060627,20000703,,OQSECPPID,NE,100,104010421,1,103000421,16,33,1
105060631,20000703,,OQSECPPID,NE,100,104020421,2,103000421,16,33,1
105060635,20000703,,OQSECPPID,NE,100,104030421,3,103000421,16,33,1
105060639,20000703,,OQSECPPID,NE,100,104040421,4,103000421,16,33,1
105060643,20000703,,OQSECPPID,NE,100,104050421,5,103000421,16,33,1
105099603,20000619,,OQSECPPID,NE,100,104250691,25,103000691,16,1,2
105099788,20000619,,OQSECPPID,SE,300,104360692,36,103000692,17,1,2
105099699,20000619,,OQSECPPID,NE,100,104130692,13,103000692,17,1,2
105099695,20000619,,OQSECPPID,NE,100,104120692,12,103000692,17,1,2
105099651,20000619,,OQSECPPID,NE,100,104010692,1,103000692,17,1,2
105099884,20000619,,OQSECPPID,SE,300,104240693,24,103000693,18,1,2
105002472,20000617,,OQSECPPID,SE,300,104070017,7,103000017,17,30,1
105002451,20000617,,OQSECPPID,NE,100,104010017,1,103000017,17,30,1
105002455,20000617,,OQSECPPID,NE,100,104020017,2,103000017,17,30,1
105002459,20000617,,OQSECPPID,NE,100,104030017,3,103000017,17,30,1
105002462,20000617,,OQSECPPID,NW,200,104040017,4,103000017,17,30,1
105002466,20000617,,OQSECPPID,NW,200,104050017,5,103000017,17,30,1
105002470,20000617,,OQSECPPID,NW,200,104060017,6,103000017,17,30,1
105002609,20000617,,OQSECPPID,SW,400,104050018,5,103000018,18,30,1
105002445,20000617,,OQSECPPID,SW,400,104360016,36,103000016,16,30,1
105002441,20000617,,OQSECPPID,SW,400,104350016,35,103000016,16,30,1
105002489,20000617,,OQSECPPID,SW,400,104110017,11,103000017,17,30,1
105002311,20000617,,OQSECPPID,NE,100,104020016,2,103000016,16,30,1
105002326,20000617,,OQSECPPID,NW,200,104060016,6,103000016,16,30,1
105002431,20000617,,OQSECPPID,NE,100,104320016,32,103000016,16,30,1
105002570,20000617,,OQSECPPID,NW,200,104310017,31,103000017,17,30,1
105002584,20000617,,OQSECPPID,SE,300,104350017,35,103000017,17,30,1
105021746,20000619,,OQSECPPID,NW,200,104010151,1,103000151,16,31,1
105021750,20000619,,OQSECPPID,NW,200,104020151,2,103000151,16,31,1
105021754,20000619,,OQSECPPID,NW,200,104030151,3,103000151,16,31,1
105021758,20000619,,OQSECPPID,NW,200,104040151,4,103000151,16,31,1
105021762,20000619,,OQSECPPID,NW,200,104050151,5,103000151,16,31,1
105021764,20000619,,OQSECPPID,SE,300,104060151,6,103000151,16,31,1
105021934,20000619,,OQSECPPID,NW,200,104120152,12,103000152,17,31,1
105021930,20000619,,OQSECPPID,NW,200,104110152,11,103000152,17,31,1
105021926,20000619,,OQSECPPID,NW,200,104100152,10,103000152,17,31,1
105021919,20000619,,OQSECPPID,NE,100,104080152,8,103000152,17,31,1
105021915,20000619,,OQSECPPID,NE,100,104070152,7,103000152,17,31,1
105021920,20000619,,OQSECPPID,SE,300,104090152,9,103000152,17,31,1
105041231,20000630,,OQSECPPID,NE,100,104120286,12,103000286,16,32,1
105041487,20000630,,OQSECPPID,NE,100,104040288,4,103000288,18,32,1
105041490,20000630,,OQSECPPID,NW,200,104050288,5,103000288,18,32,1
105041481,20000630,,OQSECPPID,SW,400,104030288,3,103000288,18,32,1
105041493,20000630,,OQSECPPID,SW,400,104060288,6,103000288,18,32,1
105041352,20000630,,OQSECPPID,SE,300,104070287,7,103000287,17,32,1
105041330,20000630,,OQSECPPID,NW,200,104010287,1,103000287,17,32,1
105041335,20000630,,OQSECPPID,NE,100,104020287,2,103000287,17,32,1
105060610,20000703,,OQSECPPID,NW,200,104330420,33,103000420,15,33,1
105060606,20000703,,OQSECPPID,NW,200,104320420,32,103000420,15,33,1
105060899,20000703,,OQSECPPID,NE,100,104330422,33,103000422,17,33,1
105060911,20000703,,OQSECPPID,NE,100,104360422,36,103000422,17,33,1
105060895,20000703,,OQSECPPID,NE,100,104320422,32,103000422,17,33,1
105060907,20020419,,OQSECPPID,NE,100,104350422,35,103000422,17,33,1
105002291,20000617,,OQSECPPID,NE,100,104330015,33,103000015,15,30,1
105002485,20000617,,OQSECPPID,SW,400,104100017,10,103000017,17,30,1
105060767,20000703,,OQSECPPID,NE,100,104360421,36,103000421,16,33,1
105060763,20000703,,OQSECPPID,NE,100,104350421,35,103000421,16,33,1
105060759,20000703,,OQSECPPID,NE,100,104340421,34,103000421,16,33,1
105041314,20000630,,OQSECPPID,NW,200,104330286,33,103000286,16,32,1
105041310,20000630,,OQSECPPID,NW,200,104320286,32,103000286,16,32,1
105002437,20000617,,OQSECPPID,SW,400,104340016,34,103000016,16,30,1
105002433,20000617,,OQSECPPID,SW,400,104330016,33,103000016,16,30,1
105021784,20000619,,OQSECPPID,SE,300,104110151,11,103000151,16,31,1
105021823,20000728,,OQSECPPID,NE,100,104200151,20,103000151,16,31,1
105021819,20000619,,OQSECPPID,NE,100,104190151,19,103000151,16,31,1
105021830,20000619,,OQSECPPID,NW,200,104220151,22,103000151,16,31,1
105021836,20000619,,OQSECPPID,SE,300,104240151,24,103000151,16,31,1
105021832,20000619,,OQSECPPID,SE,300,104230151,23,103000151,16,31,1
105021825,20000619,,OQSECPPID,SW,400,104210151,21,103000151,16,31,1
105002507,20000617,,OQSECPPID,NE,100,104150017,15,103000017,17,30,1
105002511,20000617,,OQSECPPID,NE,100,104160017,16,103000017,17,30,1
105002514,20000617,,OQSECPPID,NW,200,104170017,17,103000017,17,30,1
105002518,20000617,,OQSECPPID,NW,200,104180017,18,103000017,17,30,1
105021783,20000619,,OQSECPPID,NE,100,104100151,10,103000151,16,31,1
105002419,20000617,,OQSECPPID,NE,100,104290016,29,103000016,16,30,1
105002422,20000617,,OQSECPPID,NW,200,104300016,30,103000016,16,30,1
105002399,20000617,,OQSECPPID,NE,100,104240016,24,103000016,16,30,1
105002395,20000617,,OQSECPPID,NE,100,104230016,23,103000016,16,30,1
105002390,20000617,,OQSECPPID,NW,200,104220016,22,103000016,16,30,1
105002386,20000617,,OQSECPPID,NW,200,104210016,21,103000016,16,30,1
105002382,20000617,,OQSECPPID,NW,200,104200016,20,103000016,16,30,1
105002378,20000617,,OQSECPPID,NW,200,104190016,19,103000016,16,30,1
105002355,20000617,,OQSECPPID,NE,100,104130016,13,103000016,16,30,1
105002359,20000617,,OQSECPPID,NE,100,104140016,14,103000016,16,30,1
105002363,20000617,,OQSECPPID,NE,100,104150016,15,103000016,16,30,1
105060680,20000703,,OQSECPPID,SE,300,104150421,15,103000421,16,33,1
105041265,20000630,,OQSECPPID,SW,400,104210286,21,103000286,16,32,1
105060738,20000703,,OQSECPPID,NW,200,104290421,29,103000421,16,33,1
105060720,20000703,,OQSECPPID,SE,300,104250421,25,103000421,16,33,1
105060718,20000703,,OQSECPPID,NW,200,104240421,24,103000421,16,33,1
105060724,20000703,,OQSECPPID,SE,300,104260421,26,103000421,16,33,1
105060714,20000703,,OQSECPPID,NW,200,104230421,23,103000421,16,33,1
105060728,20000703,,OQSECPPID,SE,300,104270421,27,103000421,16,33,1
105060707,20000703,,OQSECPPID,NE,100,104210421,21,103000421,16,33,1
105060703,20000703,,OQSECPPID,NE,100,104200421,20,103000421,16,33,1
105060708,20000703,,OQSECPPID,SE,300,104220421,22,103000421,16,33,1
105060674,20000703,,OQSECPPID,NW,200,104130421,13,103000421,16,33,1
105060678,20000703,,OQSECPPID,NW,200,104140421,14,103000421,16,33,1
105060686,20000703,,OQSECPPID,NW,200,104160421,16,103000421,16,33,1
105060690,20000703,,OQSECPPID,NW,200,104170421,17,103000421,16,33,1
105060671,20000703,,OQSECPPID,NE,100,104120421,12,103000421,16,33,1
105060863,20000703,,OQSECPPID,NE,100,104240422,24,103000422,17,33,1
105060859,20020419,,OQSECPPID,NE,100,104230422,23,103000422,17,33,1
105060855,20020419,,OQSECPPID,NE,100,104220422,22,103000422,17,33,1
105060851,20000703,,OQSECPPID,NE,100,104210422,21,103000422,17,33,1
105060847,20000703,,OQSECPPID,NE,100,104200422,20,103000422,17,33,1
105060819,20000703,,OQSECPPID,NE,100,104130422,13,103000422,17,33,1
105060823,20000703,,OQSECPPID,NE,100,104140422,14,103000422,17,33,1
105041324,20000630,,OQSECPPID,SE,300,104360286,36,103000286,16,32,1
105041321,20000630,,OQSECPPID,SW,400,104350286,35,103000286,16,32,1
105041304,20000630,,OQSECPPID,SE,300,104310286,31,103000286,16,32,1
105021794,20000619,,OQSECPPID,NW,200,104130151,13,103000151,16,31,1
105060947,20000704,,OQSECPPID,NE,100,104090423,9,103000423,18,33,1
105060959,20000704,,OQSECPPID,NE,100,104120423,12,103000423,18,33,1
105060942,20000704,,OQSECPPID,NW,200,104080423,8,103000423,18,33,1
105021798,20000619,,OQSECPPID,NW,200,104140151,14,103000151,16,31,1
105021802,20000619,,OQSECPPID,NW,200,104150151,15,103000151,16,31,1
105021810,20000619,,OQSECPPID,NW,200,104170151,17,103000151,16,31,1
105021813,20000619,,OQSECPPID,SW,400,104180151,18,103000151,16,31,1
105021805,20000619,,OQSECPPID,SW,400,104160151,16,103000151,16,31,1
105022018,20000619,,OQSECPPID,NW,200,104330152,33,103000152,17,31,1
105022028,20000619,,OQSECPPID,SE,300,104360152,36,103000152,17,31,1
105022024,20000619,,OQSECPPID,SE,300,104350152,35,103000152,17,31,1
105022020,20000619,,OQSECPPID,SE,300,104340152,34,103000152,17,31,1
105021985,20000619,,OQSECPPID,SW,400,104250152,25,103000152,17,31,1
105060915,20000704,,OQSECPPID,NE,100,104010423,1,103000423,18,33,1
105060919,20000704,,OQSECPPID,NE,100,104020423,2,103000423,18,33,1
105060923,20000704,,OQSECPPID,NE,100,104030423,3,103000423,18,33,1
105041317,20000630,,OQSECPPID,SW,400,104340286,34,103000286,16,32,1
105021989,20000619,,OQSECPPID,SW,400,104260152,26,103000152,17,31,1
105021993,20000619,,OQSECPPID,SW,400,104270152,27,103000152,17,31,1
105021998,20000619,,OQSECPPID,NW,200,104280152,28,103000152,17,31,1
105022003,20000619,,OQSECPPID,NE,100,104290152,29,103000152,17,31,1
105022004,20000619,,OQSECPPID,SE,300,104300152,30,103000152,17,31,1
105021983,20000619,,OQSECPPID,NE,100,104240152,24,103000152,17,31,1
105021979,20000619,,OQSECPPID,NE,100,104230152,23,103000152,17,31,1
105021975,20000619,,OQSECPPID,NE,100,104220152,22,103000152,17,31,1
105021971,20000619,,OQSECPPID,NE,100,104210152,21,103000152,17,31,1
105021967,20000619,,OQSECPPID,NE,100,104200152,20,103000152,17,31,1
105041282,20000630,,OQSECPPID,NW,200,104250286,25,103000286,16,32,1
105041291,20000630,,OQSECPPID,NE,100,104270286,27,103000286,16,32,1
105041271,20020510,,OQSECPPID,NE,100,104220286,22,103000286,16,32,1
105041292,20000630,,OQSECPPID,SE,300,104280286,28,103000286,16,32,1
105060926,20000704,,OQSECPPID,NW,200,104040423,4,103000423,18,33,1
105060930,20000704,,OQSECPPID,NW,200,104050423,5,103000423,18,33,1
105041509,20000630,,OQSECPPID,SW,400,104100288,10,103000288,18,32,1
105041507,20000630,,OQSECPPID,NE,100,104090288,9,103000288,18,32,1
105041500,20000630,,OQSECPPID,SE,300,104080288,8,103000288,18,32,1
105041496,20000630,,OQSECPPID,SE,300,104070288,7,103000288,18,32,1
105021962,20000619,,OQSECPPID,NW,200,104190152,19,103000152,17,31,1
105021938,20000619,,OQSECPPID,NW,200,104130152,13,103000152,17,31,1
105041296,20000630,,OQSECPPID,SE,300,104290286,29,103000286,16,32,1
105041262,20000630,,OQSECPPID,NW,200,104200286,20,103000286,16,32,1
105041300,20000630,,OQSECPPID,SE,300,104300286,30,103000286,16,32,1
105041277,20000630,,OQSECPPID,SW,400,104240286,24,103000286,16,32,1
105041273,20000630,,OQSECPPID,SW,400,104230286,23,103000286,16,32,1
105041369,20000630,,OQSECPPID,SW,400,104110287,11,103000287,17,32,1
105041365,20000630,,OQSECPPID,SW,400,104100287,10,103000287,17,32,1
105041361,20000630,,OQSECPPID,SW,400,104090287,9,103000287,17,32,1
105041357,20000630,,OQSECPPID,SW,400,104080287,8,103000287,17,32,1
105002476,20000617,,OQSECPPID,SE,300,104080017,8,103000017,17,30,1
105002567,20000617,,OQSECPPID,NE,100,104300017,30,103000017,17,30,1
105002558,20000617,,OQSECPPID,NW,200,104280017,28,103000017,17,30,1
105002547,20000617,,OQSECPPID,NE,100,104250017,25,103000017,17,30,1
105002549,20000617,,OQSECPPID,SW,400,104260017,26,103000017,17,30,1
105002553,20020606,,OQSECPPID,SW,400,104270017,27,103000017,17,30,1
105002531,20000617,,OQSECPPID,NE,100,104210017,21,103000017,17,30,1
105002523,20000617,,OQSECPPID,NE,100,104190017,19,103000017,17,30,1
105002524,20000617,,OQSECPPID,SE,300,104200017,20,103000017,17,30,1
105041235,20000630,,OQSECPPID,NE,100,104130286,13,103000286,16,32,1
105041239,20000630,,OQSECPPID,NE,100,104140286,14,103000286,16,32,1
105041243,20000630,,OQSECPPID,NE,100,104150286,15,103000286,16,32,1
105041247,20000630,,OQSECPPID,NE,100,104160286,16,103000286,16,32,1
105022011,20000619,,OQSECPPID,NE,100,104310152,31,103000152,17,31,1
105022013,20000619,,OQSECPPID,SW,400,104320152,32,103000152,17,31,1
105022077,20000619,,OQSECPPID,SW,400,104120153,12,103000153,18,31,1
105022039,20000619,,OQSECPPID,NE,100,104020153,2,103000153,18,31,1
105022043,20000619,,OQSECPPID,NE,100,104030153,3,103000153,18,31,1
105022035,20000619,,OQSECPPID,NE,100,104010153,1,103000153,18,31,1
105041227,20000630,,OQSECPPID,NE,100,104110286,11,103000286,16,32,1
105041394,20000630,,OQSECPPID,NW,200,104170287,17,103000287,17,32,1
105041396,20000630,,OQSECPPID,SE,300,104180287,18,103000287,17,32,1
105041375,20000630,,OQSECPPID,NE,100,104120287,12,103000287,17,32,1
105060655,20000703,,OQSECPPID,NE,100,104080421,8,103000421,16,33,1
105099744,20000619,,OQSECPPID,SE,300,104250692,25,103000692,17,1,2
105099743,20000619,,OQSECPPID,NE,100,104240692,24,103000692,17,1,2
105099891,20000619,,OQSECPPID,NE,100,104250693,25,103000693,18,1,2
105060755,20000703,,OQSECPPID,NE,100,104330421,33,103000421,16,33,1
105060751,20000703,,OQSECPPID,NE,100,104320421,32,103000421,16,33,1
105060735,20000703,,OQSECPPID,NE,100,104280421,28,103000421,16,33,1
105060903,20000703,,OQSECPPID,NE,100,104340422,34,103000422,17,33,1
105060871,20000703,,OQSECPPID,NE,100,104260422,26,103000422,17,33,1
105060875,20000703,,OQSECPPID,NE,100,104270422,27,103000422,17,33,1
105060878,20000703,,OQSECPPID,NW,200,104280422,28,103000422,17,33,1
105060882,20000703,,OQSECPPID,NW,200,104290422,29,103000422,17,33,1
105060865,20000703,,OQSECPPID,SW,400,104250422,25,103000422,17,33,1
105041284,20000630,,OQSECPPID,SE,300,104260286,26,103000286,16,32,1
105002494,20000617,,OQSECPPID,NW,200,104120017,12,103000017,17,30,1
105021886,20000619,,OQSECPPID,NW,200,104360151,36,103000151,16,31,1
105002482,20000617,,OQSECPPID,NW,200,104090017,9,103000017,17,30,1
105022044,20000619,,OQSECPPID,SE,300,104040153,4,103000153,18,31,1
105002369,20000617,,OQSECPPID,SW,400,104170016,17,103000016,16,30,1
105002373,20000617,,OQSECPPID,SW,400,104180016,18,103000016,16,30,1
105002351,20000617,,OQSECPPID,NE,100,104120016,12,103000016,16,30,1
105041209,20000630,,OQSECPPID,SW,400,104070286,7,103000286,16,32,1
105041221,20000630,,OQSECPPID,SW,400,104100286,10,103000286,16,32,1
105041187,20000630,,OQSECPPID,NE,100,104010286,1,103000286,16,32,1
105041191,20000630,,OQSECPPID,NE,100,104020286,2,103000286,16,32,1
105041195,20000630,,OQSECPPID,NE,100,104030286,3,103000286,16,32,1
105041199,20000630,,OQSECPPID,NE,100,104040286,4,103000286,16,32,1
105002365,20000617,,OQSECPPID,SW,400,104160016,16,103000016,16,30,1
105041203,20000630,,OQSECPPID,NE,100,104050286,5,103000286,16,32,1
105041207,20000630,,OQSECPPID,NE,100,104060286,6,103000286,16,32,1
105041439,20000630,,OQSECPPID,NE,100,104280287,28,103000287,17,32,1
105041442,20000630,,OQSECPPID,NW,200,104290287,29,103000287,17,32,1
105041435,20000630,,OQSECPPID,NE,100,104270287,27,103000287,17,32,1
105041446,20000630,,OQSECPPID,NW,200,104300287,30,103000287,17,32,1
105041427,20000630,,OQSECPPID,NE,100,104250287,25,103000287,17,32,1
105041422,20000630,,OQSECPPID,NW,200,104240287,24,103000287,17,32,1
105041419,20000630,,OQSECPPID,NE,100,104230287,23,103000287,17,32,1
105041411,20000630,,OQSECPPID,NE,100,104210287,21,103000287,17,32,1
105041415,20000630,,OQSECPPID,NE,100,104220287,22,103000287,17,32,1
105041400,20000630,,OQSECPPID,SE,300,104190287,19,103000287,17,32,1
105041378,20000630,,OQSECPPID,NW,200,104130287,13,103000287,17,32,1
105041386,20000630,,OQSECPPID,NW,200,104150287,15,103000287,17,32,1
105041390,20000630,,OQSECPPID,NW,200,104160287,16,103000287,17,32,1
105060665,20000703,,OQSECPPID,SW,400,104110421,11,103000421,16,33,1
105060661,20000703,,OQSECPPID,SW,400,104100421,10,103000421,16,33,1
105021747,20000619,,OQSECPPID,NE,100,104010151,1,103000151,16,31,1
105021751,20000619,,OQSECPPID,NE,100,104020151,2,103000151,16,31,1
105021755,20000619,,OQSECPPID,NE,100,104030151,3,103000151,16,31,1
105021767,20000619,,OQSECPPID,NE,100,104060151,6,103000151,16,31,1
105021763,20000619,,OQSECPPID,NE,100,104050151,5,103000151,16,31,1
105021759,20000619,,OQSECPPID,NE,100,104040151,4,103000151,16,31,1
105021955,20000619,,OQSECPPID,NE,100,104170152,17,103000152,17,31,1
105021956,20000619,,OQSECPPID,SE,300,104180152,18,103000152,17,31,1
105021931,20000619,,OQSECPPID,NE,100,104110152,11,103000152,17,31,1
105021927,20000619,,OQSECPPID,NE,100,104100152,10,103000152,17,31,1
105021923,20000619,,OQSECPPID,NE,100,104090152,9,103000152,17,31,1
105021918,20000619,,OQSECPPID,NW,200,104080152,8,103000152,17,31,1
105021935,20020422,,OQSECPPID,NE,100,104120152,12,103000152,17,31,1
105021914,20000619,,OQSECPPID,NW,200,104070152,7,103000152,17,31,1
105041230,20000630,,OQSECPPID,NW,200,104120286,12,103000286,16,32,1
105041226,20000630,,OQSECPPID,NW,200,104110286,11,103000286,16,32,1
105041222,20000630,,OQSECPPID,NW,200,104100286,10,103000286,16,32,1
105041218,20000630,,OQSECPPID,NW,200,104090286,9,103000286,16,32,1
105041399,20000630,,OQSECPPID,NE,100,104180287,18,103000287,17,32,1
105041384,20000630,,OQSECPPID,SE,300,104150287,15,103000287,17,32,1
105041395,20000630,,OQSECPPID,NE,100,104170287,17,103000287,17,32,1
105041371,20000630,,OQSECPPID,NE,100,104110287,11,103000287,17,32,1
105099599,20000619,,OQSECPPID,NE,100,104240691,24,103000691,16,1,2
105060667,20000703,,OQSECPPID,NE,100,104110421,11,103000421,16,33,1
105041458,20000630,,OQSECPPID,NW,200,104330287,33,103000287,17,32,1
105041450,20000630,,OQSECPPID,NW,200,104310287,31,103000287,17,32,1
105021774,20000619,,OQSECPPID,NW,200,104080151,8,103000151,16,31,1
105021770,20000619,,OQSECPPID,NW,200,104070151,7,103000151,16,31,1
105021782,20000619,,OQSECPPID,NW,200,104100151,10,103000151,16,31,1
105021778,20000619,,OQSECPPID,NW,200,104090151,9,103000151,16,31,1
105021789,20000619,,OQSECPPID,SW,400,104120151,12,103000151,16,31,1
105021881,20000619,,OQSECPPID,SW,400,104350151,35,103000151,16,31,1
105021873,20000619,,OQSECPPID,SW,400,104330151,33,103000151,16,31,1
105021865,20000619,,OQSECPPID,SW,400,104310151,31,103000151,16,31,1
105021869,20000619,,OQSECPPID,SW,400,104320151,32,103000151,16,31,1
105021877,20000619,,OQSECPPID,SW,400,104340151,34,103000151,16,31,1
105021847,20000619,,OQSECPPID,NE,100,104260151,26,103000151,16,31,1
105021851,20000619,,OQSECPPID,NE,100,104270151,27,103000151,16,31,1
105021855,20000619,,OQSECPPID,NE,100,104280151,28,103000151,16,31,1
105021843,20000619,,OQSECPPID,NE,100,104250151,25,103000151,16,31,1
105021859,20000619,,OQSECPPID,NE,100,104290151,29,103000151,16,31,1
105021863,20000619,,OQSECPPID,NE,100,104300151,30,103000151,16,31,1
105002542,20000617,,OQSECPPID,NW,200,104240017,24,103000017,17,30,1
105002538,20020606,,OQSECPPID,NW,200,104230017,23,103000017,17,30,1
105002530,20000617,,OQSECPPID,NW,200,104210017,21,103000017,17,30,1
105002522,20000617,,OQSECPPID,NW,200,104190017,19,103000017,17,30,1
105099887,20000619,,OQSECPPID,NE,100,104240693,24,103000693,18,1,2
105002484,20000617,,OQSECPPID,SE,300,104100017,10,103000017,17,30,1
105060766,20000703,,OQSECPPID,NW,200,104360421,36,103000421,16,33,1
105060762,20000703,,OQSECPPID,NW,200,104350421,35,103000421,16,33,1
105060758,20000703,,OQSECPPID,NW,200,104340421,34,103000421,16,33,1
105022041,20000619,,OQSECPPID,SW,400,104030153,3,103000153,18,31,1
105002512,20000617,,OQSECPPID,SE,300,104170017,17,103000017,17,30,1
105041315,20000630,,OQSECPPID,NE,100,104330286,33,103000286,16,32,1
105041311,20000630,,OQSECPPID,NE,100,104320286,32,103000286,16,32,1
105041307,20000630,,OQSECPPID,NE,100,104310286,31,103000286,16,32,1
105041325,20000630,,OQSECPPID,SW,400,104360286,36,103000286,16,32,1
105041316,20000630,,OQSECPPID,SE,300,104340286,34,103000286,16,32,1
105041283,20000630,,OQSECPPID,NE,100,104250286,25,103000286,16,32,1
105041287,20000630,,OQSECPPID,NE,100,104260286,26,103000286,16,32,1
105041290,20000630,,OQSECPPID,NW,200,104270286,27,103000286,16,32,1
105041270,20020510,,OQSECPPID,NW,200,104220286,22,103000286,16,32,1
105041293,20000630,,OQSECPPID,SW,400,104280286,28,103000286,16,32,1
105041297,20000630,,OQSECPPID,SW,400,104290286,29,103000286,16,32,1
105041301,20000630,,OQSECPPID,SW,400,104300286,30,103000286,16,32,1
105041276,20000630,,OQSECPPID,SE,300,104240286,24,103000286,16,32,1
105021901,20000619,,OQSECPPID,SW,400,104040152,4,103000152,17,31,1
105021904,20000619,,OQSECPPID,SE,300,104050152,5,103000152,17,31,1
105021908,20000619,,OQSECPPID,SE,300,104060152,6,103000152,17,31,1
105021893,20000619,,OQSECPPID,SW,400,104020152,2,103000152,17,31,1
105041338,20000630,,OQSECPPID,NW,200,104030287,3,103000287,17,32,1
105041341,20000630,,OQSECPPID,SW,400,104040287,4,103000287,17,32,1
105041345,20000630,,OQSECPPID,SW,400,104050287,5,103000287,17,32,1
105041349,20000630,,OQSECPPID,SW,400,104060287,6,103000287,17,32,1
105041250,20000630,,OQSECPPID,NW,200,104170286,17,103000286,16,32,1
105041252,20000630,,OQSECPPID,SE,300,104180286,18,103000286,16,32,1
105041208,20000630,,OQSECPPID,SE,300,104070286,7,103000286,16,32,1
105041212,20000630,,OQSECPPID,SE,300,104080286,8,103000286,16,32,1
105041186,20000630,,OQSECPPID,NW,200,104010286,1,103000286,16,32,1
105041190,20000630,,OQSECPPID,NW,200,104020286,2,103000286,16,32,1
105041194,20000630,,OQSECPPID,NW,200,104030286,3,103000286,16,32,1
105041198,20000630,,OQSECPPID,NW,200,104040286,4,103000286,16,32,1
105041202,20000630,,OQSECPPID,NW,200,104050286,5,103000286,16,32,1
105041206,20000630,,OQSECPPID,NW,200,104060286,6,103000286,16,32,1
105041461,20000630,,OQSECPPID,SW,400,104340287,34,103000287,17,32,1
105041438,20000630,,OQSECPPID,NW,200,104280287,28,103000287,17,32,1
105041447,20000630,,OQSECPPID,NE,100,104300287,30,103000287,17,32,1
105041430,20000630,,OQSECPPID,NW,200,104260287,26,103000287,17,32,1
105041433,20000630,,OQSECPPID,SW,400,104270287,27,103000287,17,32,1
105002344,20000617,,OQSECPPID,SE,300,104110016,11,103000016,16,30,1
105041454,20000630,,OQSECPPID,NW,200,104320287,32,103000287,17,32,1
105002316,20000617,,OQSECPPID,SE,300,104040016,4,103000016,16,30,1
105002320,20000617,,OQSECPPID,SE,300,104050016,5,103000016,16,30,1
105002324,20000617,,OQSECPPID,SE,300,104060016,6,103000016,16,30,1
105002298,20020621,,OQSECPPID,NW,200,104350015,35,103000015,15,30,1
105002425,20000617,,OQSECPPID,SW,400,104310016,31,103000016,16,30,1
105002402,20000617,,OQSECPPID,NW,200,104250016,25,103000016,16,30,1
105002406,20000617,,OQSECPPID,NW,200,104260016,26,103000016,16,30,1
105002410,20000617,,OQSECPPID,NW,200,104270016,27,103000016,16,30,1
105002498,20000617,,OQSECPPID,NW,200,104130017,13,103000017,17,30,1
105002502,20000617,,OQSECPPID,NW,200,104140017,14,103000017,17,30,1
105002506,20000617,,OQSECPPID,NW,200,104150017,15,103000017,17,30,1
105002510,20000617,,OQSECPPID,NW,200,104160017,16,103000017,17,30,1
105002519,20000617,,OQSECPPID,NE,100,104180017,18,103000017,17,30,1
105002414,20000617,,OQSECPPID,NW,200,104280016,28,103000016,16,30,1
105002418,20000617,,OQSECPPID,NW,200,104290016,29,103000016,16,30,1
105002398,20000617,,OQSECPPID,NW,200,104240016,24,103000016,16,30,1
105002460,20000617,,OQSECPPID,SE,300,104040017,4,103000017,17,30,1
105002612,20020504,,OQSECPPID,SE,300,104060018,6,103000018,18,30,1
105002444,20000617,,OQSECPPID,SE,300,104360016,36,103000016,16,30,1
105002440,20000617,,OQSECPPID,SE,300,104350016,35,103000016,16,30,1
105002436,20000617,,OQSECPPID,SE,300,104340016,34,103000016,16,30,1
105002432,20000617,,OQSECPPID,SE,300,104330016,33,103000016,16,30,1
105002428,20000617,,OQSECPPID,SE,300,104320016,32,103000016,16,30,1
105021785,20000619,,OQSECPPID,SW,400,104110151,11,103000151,16,31,1
105021822,20000619,,OQSECPPID,NW,200,104200151,20,103000151,16,31,1
105021818,20000619,,OQSECPPID,NW,200,104190151,19,103000151,16,31,1
105021837,20000619,,OQSECPPID,SW,400,104240151,24,103000151,16,31,1
105021833,20000619,,OQSECPPID,SW,400,104230151,23,103000151,16,31,1
105021826,20021018,,OQSECPPID,NW,200,104210151,21,103000151,16,31,1
105021795,20000619,,OQSECPPID,NE,100,104130151,13,103000151,16,31,1
105021799,20000619,,OQSECPPID,NE,100,104140151,14,103000151,16,31,1
105021829,20021018,,OQSECPPID,SW,400,104220151,22,103000151,16,31,1
105021806,20000619,,OQSECPPID,NW,200,104160151,16,103000151,16,31,1
105021815,20000619,,OQSECPPID,NE,100,104180151,18,103000151,16,31,1
105021803,20000619,,OQSECPPID,NE,100,104150151,15,103000151,16,31,1
105099548,20000619,,OQSECPPID,SE,300,104120691,12,103000691,16,1,2
105099843,20000619,,OQSECPPID,NE,100,104130693,13,103000693,18,1,2
105041257,20000630,,OQSECPPID,SW,400,104190286,19,103000286,16,32,1
105060721,20000703,,OQSECPPID,SW,400,104250421,25,103000421,16,33,1
105060737,20000703,,OQSECPPID,SW,400,104290421,29,103000421,16,33,1
105060715,20000703,,OQSECPPID,NE,100,104230421,23,103000421,16,33,1
105060725,20000703,,OQSECPPID,SW,400,104260421,26,103000421,16,33,1
105060711,20000703,,OQSECPPID,NE,100,104220421,22,103000421,16,33,1
105060729,20000703,,OQSECPPID,SW,400,104270421,27,103000421,16,33,1
105060706,20000703,,OQSECPPID,NW,200,104210421,21,103000421,16,33,1
105060719,20000703,,OQSECPPID,NE,100,104240421,24,103000421,16,33,1
105060700,20000703,,OQSECPPID,SE,300,104200421,20,103000421,16,33,1
105060675,20000703,,OQSECPPID,NE,100,104130421,13,103000421,16,33,1
105060679,20000703,,OQSECPPID,NE,100,104140421,14,103000421,16,33,1
105060683,20000703,,OQSECPPID,NE,100,104150421,15,103000421,16,33,1
105060687,20000703,,OQSECPPID,NE,100,104160421,16,103000421,16,33,1
105060688,20000703,,OQSECPPID,SE,300,104170421,17,103000421,16,33,1
105060862,20000703,,OQSECPPID,NW,200,104240422,24,103000422,17,33,1
105060993,20000704,,OQSECPPID,SW,400,104210423,21,103000423,18,33,1
105060975,20000704,,OQSECPPID,NE,100,104160423,16,103000423,18,33,1
105060979,20000704,,OQSECPPID,NE,100,104170423,17,103000423,18,33,1
105060946,20000704,,OQSECPPID,NW,200,104090423,9,103000423,18,33,1
105060958,20000704,,OQSECPPID,NW,200,104120423,12,103000423,18,33,1
105060950,20000704,,OQSECPPID,NW,200,104100423,10,103000423,18,33,1
105060940,20000704,,OQSECPPID,SE,300,104080423,8,103000423,18,33,1
105060914,20000704,,OQSECPPID,NW,200,104010423,1,103000423,18,33,1
105060918,20000704,,OQSECPPID,NW,200,104020423,2,103000423,18,33,1
105060922,20000704,,OQSECPPID,NW,200,104030423,3,103000423,18,33,1
105060924,20000704,,OQSECPPID,SE,300,104040423,4,103000423,18,33,1
105060928,20000704,,OQSECPPID,SE,300,104050423,5,103000423,18,33,1
105002387,20000617,,OQSECPPID,NE,100,104210016,21,103000016,16,30,1
105002383,20000617,,OQSECPPID,NE,100,104200016,20,103000016,16,30,1
105002420,20000617,,OQSECPPID,SE,300,104300016,30,103000016,16,30,1
105002394,20000617,,OQSECPPID,NW,200,104230016,23,103000016,16,30,1
105002388,20000617,,OQSECPPID,SE,300,104220016,22,103000016,16,30,1
105002376,20000617,,OQSECPPID,SE,300,104190016,19,103000016,16,30,1
105002354,20000617,,OQSECPPID,NW,200,104130016,13,103000016,16,30,1
105002362,20000617,,OQSECPPID,NW,200,104150016,15,103000016,16,30,1
105002366,20000617,,OQSECPPID,NW,200,104160016,16,103000016,16,30,1
105002356,20000617,,OQSECPPID,SE,300,104140016,14,103000016,16,30,1
105002473,20000617,,OQSECPPID,SW,400,104070017,7,103000017,17,30,1
105002450,20000617,,OQSECPPID,NW,200,104010017,1,103000017,17,30,1
105002454,20000617,,OQSECPPID,NW,200,104020017,2,103000017,17,30,1
105002458,20000617,,OQSECPPID,NW,200,104030017,3,103000017,17,30,1
105002467,20000617,,OQSECPPID,NE,100,104050017,5,103000017,17,30,1
105002471,20000617,,OQSECPPID,NE,100,104060017,6,103000017,17,30,1
105060668,20000703,,OQSECPPID,SE,300,104120421,12,103000421,16,33,1
105099740,20000619,,OQSECPPID,SE,300,104240692,24,103000692,17,1,2
105060754,20000703,,OQSECPPID,NW,200,104330421,33,103000421,16,33,1
105060750,20000703,,OQSECPPID,NW,200,104320421,32,103000421,16,33,1
105060734,20000703,,OQSECPPID,NW,200,104280421,28,103000421,16,33,1
105060904,20000703,,OQSECPPID,SE,300,104350422,35,103000422,17,33,1
105060902,20000703,,OQSECPPID,NW,200,104340422,34,103000422,17,33,1
105060870,20000703,,OQSECPPID,NW,200,104260422,26,103000422,17,33,1
105060883,20000703,,OQSECPPID,NE,100,104290422,29,103000422,17,33,1
105060866,20000703,,OQSECPPID,NW,200,104250422,25,103000422,17,33,1
105060879,20000703,,OQSECPPID,NE,100,104280422,28,103000422,17,33,1
105060872,20000703,,OQSECPPID,SE,300,104270422,27,103000422,17,33,1
105041510,20000630,,OQSECPPID,NW,200,104100288,10,103000288,18,32,1
105041323,20000630,,OQSECPPID,NE,100,104350286,35,103000286,16,32,1
105002556,20020606,,OQSECPPID,SE,300,104280017,28,103000017,17,30,1
105002491,20000617,,OQSECPPID,NE,100,104110017,11,103000017,17,30,1
105021887,20000619,,OQSECPPID,NE,100,104360151,36,103000151,16,31,1
105002495,20000617,,OQSECPPID,NE,100,104120017,12,103000017,17,30,1
105041440,20000630,,OQSECPPID,SE,300,104290287,29,103000287,17,32,1
105041418,20000630,,OQSECPPID,NW,200,104230287,23,103000287,17,32,1
105041410,20000630,,OQSECPPID,NW,200,104210287,21,103000287,17,32,1
105041406,20000630,,OQSECPPID,NW,200,104200287,20,103000287,17,32,1
105041423,20000630,,OQSECPPID,NE,100,104240287,24,103000287,17,32,1
105041412,20000630,,OQSECPPID,SE,300,104220287,22,103000287,17,32,1
105041402,20020417,,OQSECPPID,NW,200,104190287,19,103000287,17,32,1
105041379,20000630,,OQSECPPID,NE,100,104130287,13,103000287,17,32,1
105041383,20000630,,OQSECPPID,NE,100,104140287,14,103000287,17,32,1
105041391,20000630,,OQSECPPID,NE,100,104160287,16,103000287,17,32,1
105060660,20000703,,OQSECPPID,SE,300,104100421,10,103000421,16,33,1
105060656,20000703,,OQSECPPID,SE,300,104090421,9,103000421,16,33,1
105060652,20000703,,OQSECPPID,SE,300,104080421,8,103000421,16,33,1
105060626,20000703,,OQSECPPID,NW,200,104010421,1,103000421,16,33,1
105060630,20000703,,OQSECPPID,NW,200,104020421,2,103000421,16,33,1
105060634,20000703,,OQSECPPID,NW,200,104030421,3,103000421,16,33,1
105060638,20000703,,OQSECPPID,NW,200,104040421,4,103000421,16,33,1
105060642,20000703,,OQSECPPID,NW,200,104050421,5,103000421,16,33,1
105099696,20000619,,OQSECPPID,SE,300,104130692,13,103000692,17,1,2
105099692,20000619,,OQSECPPID,SE,300,104120692,12,103000692,17,1,2
105099648,20000619,,OQSECPPID,SE,300,104010692,1,103000692,17,1,2
105060858,20020419,,OQSECPPID,NW,200,104230422,23,103000422,17,33,1
105060854,20020419,,OQSECPPID,NW,200,104220422,22,103000422,17,33,1
105060850,20000703,,OQSECPPID,NW,200,104210422,21,103000422,17,33,1
105060846,20000703,,OQSECPPID,NW,200,104200422,20,103000422,17,33,1
105060818,20000703,,OQSECPPID,NW,200,104130422,13,103000422,17,33,1
105060822,20000703,,OQSECPPID,NW,200,104140422,14,103000422,17,33,1
105060826,20000703,,OQSECPPID,NW,200,104150422,15,103000422,17,33,1
105060830,20000703,,OQSECPPID,NW,200,104160422,16,103000422,17,33,1
105060834,20000703,,OQSECPPID,NW,200,104170422,17,103000422,17,33,1
105060814,20000703,,OQSECPPID,NW,200,104120422,12,103000422,17,33,1
105060810,20000703,,OQSECPPID,NW,200,104110422,11,103000422,17,33,1
105060806,20000703,,OQSECPPID,NW,200,104100422,10,103000422,17,33,1
105060798,20000703,,OQSECPPID,NW,200,104080422,8,103000422,17,33,1
105060802,20000703,,OQSECPPID,NW,200,104090422,9,103000422,17,33,1
105060770,20000703,,OQSECPPID,NW,200,104010422,1,103000422,17,33,1
105060774,20000703,,OQSECPPID,NW,200,104020422,2,103000422,17,33,1
105060778,20000703,,OQSECPPID,NW,200,104030422,3,103000422,17,33,1
105060782,20000703,,OQSECPPID,NW,200,104040422,4,103000422,17,33,1
105060786,20000703,,OQSECPPID,NW,200,104050422,5,103000422,17,33,1
105060990,20000704,,OQSECPPID,NW,200,104200423,20,103000423,18,33,1
105022019,20000619,,OQSECPPID,NE,100,104330152,33,103000152,17,31,1
105022029,20000619,,OQSECPPID,SW,400,104360152,36,103000152,17,31,1
105022025,20000619,,OQSECPPID,SW,400,104350152,35,103000152,17,31,1
105022021,20000619,,OQSECPPID,SW,400,104340152,34,103000152,17,31,1
105022015,20000619,,OQSECPPID,NE,100,104320152,32,103000152,17,31,1
105021988,20000619,,OQSECPPID,SE,300,104260152,26,103000152,17,31,1
105021992,20000619,,OQSECPPID,SE,300,104270152,27,103000152,17,31,1
105021996,20000619,,OQSECPPID,SE,300,104280152,28,103000152,17,31,1
105022002,20000619,,OQSECPPID,NW,200,104290152,29,103000152,17,31,1
105022005,20000619,,OQSECPPID,SW,400,104300152,30,103000152,17,31,1
105021982,20000619,,OQSECPPID,NW,200,104240152,24,103000152,17,31,1
105021978,20000619,,OQSECPPID,NW,200,104230152,23,103000152,17,31,1
105021974,20000619,,OQSECPPID,NW,200,104220152,22,103000152,17,31,1
105021970,20000619,,OQSECPPID,NW,200,104210152,21,103000152,17,31,1
105021966,20000619,,OQSECPPID,NW,200,104200152,20,103000152,17,31,1
105021939,20000619,,OQSECPPID,NE,100,104130152,13,103000152,17,31,1
105021943,20000619,,OQSECPPID,NE,100,104140152,14,103000152,17,31,1
105021960,20000619,,OQSECPPID,SE,300,104190152,19,103000152,17,31,1
105021947,20000619,,OQSECPPID,NE,100,104150152,15,103000152,17,31,1
105021950,20000619,,OQSECPPID,NW,200,104160152,16,103000152,17,31,1
105021889,20000619,,OQSECPPID,SW,400,104010152,1,103000152,17,31,1
105021897,20000619,,OQSECPPID,SW,400,104030152,3,103000152,17,31,1
105041272,20000630,,OQSECPPID,SE,300,104230286,23,103000286,16,32,1
105041263,20000630,,OQSECPPID,NE,100,104200286,20,103000286,16,32,1
105041264,20000630,,OQSECPPID,SE,300,104210286,21,103000286,16,32,1
105041364,20000630,,OQSECPPID,SE,300,104100287,10,103000287,17,32,1
105041373,20000630,,OQSECPPID,SW,400,104120287,12,103000287,17,32,1
105041360,20000630,,OQSECPPID,SE,300,104090287,9,103000287,17,32,1
105041356,20000630,,OQSECPPID,SE,300,104080287,8,103000287,17,32,1
105002480,20000617,,OQSECPPID,SE,300,104090017,9,103000017,17,30,1
105002477,20000617,,OQSECPPID,SW,400,104080017,8,103000017,17,30,1
105002562,20000617,,OQSECPPID,NW,200,104290017,29,103000017,17,30,1
105002566,20000617,,OQSECPPID,NW,200,104300017,30,103000017,17,30,1
105002544,20000617,,OQSECPPID,SE,300,104250017,25,103000017,17,30,1
105002548,20000617,,OQSECPPID,SE,300,104260017,26,103000017,17,30,1
105002552,20020606,,OQSECPPID,SE,300,104270017,27,103000017,17,30,1
105002306,20000617,,OQSECPPID,NW,200,104010016,1,103000016,16,30,1
105002314,20000617,,OQSECPPID,NW,200,104030016,3,103000016,16,30,1
105002310,20000617,,OQSECPPID,NW,200,104020016,2,103000016,16,30,1
105002574,20000617,,OQSECPPID,NW,200,104320017,32,103000017,17,30,1
105002576,20000617,,OQSECPPID,SE,300,104330017,33,103000017,17,30,1
105002568,20000617,,OQSECPPID,SE,300,104310017,31,103000017,17,30,1
105021808,20000619,,OQSECPPID,SE,300,104170151,17,103000151,16,31,1
105041504,20000630,,OQSECPPID,SE,300,104090288,9,103000288,18,32,1
105041497,20000630,,OQSECPPID,SW,400,104070288,7,103000288,18,32,1
105041486,20000630,,OQSECPPID,NW,200,104040288,4,103000288,18,32,1
105041501,20000630,,OQSECPPID,SW,400,104080288,8,103000288,18,32,1
105041491,20000630,,OQSECPPID,NE,100,104050288,5,103000288,18,32,1
105041495,20000630,,OQSECPPID,NE,100,104060288,6,103000288,18,32,1
105041353,20000630,,OQSECPPID,SW,400,104070287,7,103000287,17,32,1
105041334,20000630,,OQSECPPID,NW,200,104020287,2,103000287,17,32,1
105041331,20000630,,OQSECPPID,NE,100,104010287,1,103000287,17,32,1
105060607,20000703,,OQSECPPID,NE,100,104320420,32,103000420,15,33,1
105021984,20000619,,OQSECPPID,SE,300,104250152,25,103000152,17,31,1
105060898,20000703,,OQSECPPID,NW,200,104330422,33,103000422,17,33,1
105060894,20000703,,OQSECPPID,NW,200,104320422,32,103000422,17,33,1
105060908,20000703,,OQSECPPID,SE,300,104360422,36,103000422,17,33,1
105002534,20020606,,OQSECPPID,NW,200,104220017,22,103000017,17,30,1
105002526,20000617,,OQSECPPID,NW,200,104200017,20,103000017,17,30,1
105041234,20000630,,OQSECPPID,NW,200,104130286,13,103000286,16,32,1
105041238,20000630,,OQSECPPID,NW,200,104140286,14,103000286,16,32,1
105041242,20000630,,OQSECPPID,NW,200,104150286,15,103000286,16,32,1
105041246,20000630,,OQSECPPID,NW,200,104160286,16,103000286,16,32,1
105022009,20000619,,OQSECPPID,SW,400,104310152,31,103000152,17,31,1
105022076,20020504,,OQSECPPID,SE,300,104120153,12,103000153,18,31,1
105022068,20000619,,OQSECPPID,SE,300,104100153,10,103000153,18,31,1
105022034,20000619,,OQSECPPID,NW,200,104010153,1,103000153,18,31,1
105022038,20000619,,OQSECPPID,NW,200,104020153,2,103000153,18,31,1
105022047,20000619,,OQSECPPID,NE,100,104040153,4,103000153,18,31,1
105002372,20000617,,OQSECPPID,SE,300,104180016,18,103000016,16,30,1
105002350,20000617,,OQSECPPID,NW,200,104120016,12,103000016,16,30,1
105002368,20000617,,OQSECPPID,SE,300,104170016,17,103000016,16,30,1
105002343,20000617,,OQSECPPID,NE,100,104100016,10,103000016,16,30,1
105002339,20000617,,OQSECPPID,NE,100,104090016,9,103000016,16,30,1
105002330,20000617,,OQSECPPID,NW,200,104070016,7,103000016,16,30,1
105002334,20000617,,OQSECPPID,NW,200,104080016,8,103000016,16,30,1
105060710,20000703,,OQSECPPID,NW,200,104220421,22,103000421,16,33,1
105060702,20000703,,OQSECPPID,NW,200,104200421,20,103000421,16,33,1
105060716,20000703,,OQSECPPID,SE,300,104240421,24,103000421,16,33,1
105060712,20000703,,OQSECPPID,SE,300,104230421,23,103000421,16,33,1
105060704,20000703,,OQSECPPID,SE,300,104210421,21,103000421,16,33,1
105060682,20000703,,OQSECPPID,NW,200,104150421,15,103000421,16,33,1
105060691,20000703,,OQSECPPID,NE,100,104170421,17,103000421,16,33,1
105060672,20000703,,OQSECPPID,SE,300,104130421,13,103000421,16,33,1
105060676,20000703,,OQSECPPID,SE,300,104140421,14,103000421,16,33,1
105060684,20000703,,OQSECPPID,SE,300,104160421,16,103000421,16,33,1
105060861,20000703,,OQSECPPID,SW,400,104240422,24,103000422,17,33,1
105060857,20020419,,OQSECPPID,SW,400,104230422,23,103000422,17,33,1
105060848,20000703,,OQSECPPID,SE,300,104210422,21,103000422,17,33,1
105060844,20000703,,OQSECPPID,SE,300,104200422,20,103000422,17,33,1
105060816,20000703,,OQSECPPID,SE,300,104130422,13,103000422,17,33,1
105060820,20000703,,OQSECPPID,SE,300,104140422,14,103000422,17,33,1
105060824,20000703,,OQSECPPID,SE,300,104150422,15,103000422,17,33,1
105060829,20000703,,OQSECPPID,SW,400,104160422,16,103000422,17,33,1
105060833,20000703,,OQSECPPID,SW,400,104170422,17,103000422,17,33,1
105060812,20000703,,OQSECPPID,SE,300,104120422,12,103000422,17,33,1
105060808,20000703,,OQSECPPID,SE,300,104110422,11,103000422,17,33,1
105021876,20000619,,OQSECPPID,SE,300,104340151,34,103000151,16,31,1
105021864,20000619,,OQSECPPID,SE,300,104310151,31,103000151,16,31,1
105021840,20000619,,OQSECPPID,SE,300,104250151,25,103000151,16,31,1
105002527,20000617,,OQSECPPID,NE,100,104200017,20,103000017,17,30,1
105002540,20020606,,OQSECPPID,SE,300,104240017,24,103000017,17,30,1
105002536,20020606,,OQSECPPID,SE,300,104230017,23,103000017,17,30,1
105002532,20000617,,OQSECPPID,SE,300,104220017,22,103000017,17,30,1
105002528,20000617,,OQSECPPID,SE,300,104210017,21,103000017,17,30,1
105002520,20000617,,OQSECPPID,SE,300,104190017,19,103000017,17,30,1
105022069,20000619,,OQSECPPID,SW,400,104100153,10,103000153,18,31,1
105022036,20000619,,OQSECPPID,SE,300,104020153,2,103000153,18,31,1
105022045,20000619,,OQSECPPID,SW,400,104040153,4,103000153,18,31,1
105002338,20000617,,OQSECPPID,NW,200,104090016,9,103000016,16,30,1
105002347,20000617,,OQSECPPID,NE,100,104110016,11,103000016,16,30,1
105002348,20000617,,OQSECPPID,SE,300,104120016,12,103000016,16,30,1
105002332,20000617,,OQSECPPID,SE,300,104080016,8,103000016,16,30,1
105002328,20000617,,OQSECPPID,SE,300,104070016,7,103000016,16,30,1
105041453,20000630,,OQSECPPID,SW,400,104320287,32,103000287,17,32,1
105021936,20000619,,OQSECPPID,SE,300,104130152,13,103000152,17,31,1
105021940,20000619,,OQSECPPID,SE,300,104140152,14,103000152,17,31,1
105021944,20000619,,OQSECPPID,SE,300,104150152,15,103000152,17,31,1
105021948,20000619,,OQSECPPID,SE,300,104160152,16,103000152,17,31,1
105021905,20000619,,OQSECPPID,SW,400,104050152,5,103000152,17,31,1
105021900,20000619,,OQSECPPID,SE,300,104040152,4,103000152,17,31,1
105021909,20020422,,OQSECPPID,SW,400,104060152,6,103000152,17,31,1
105041337,20000630,,OQSECPPID,SW,400,104030287,3,103000287,17,32,1
105041255,20000630,,OQSECPPID,NE,100,104180286,18,103000286,16,32,1
105041232,20000630,,OQSECPPID,SE,300,104130286,13,103000286,16,32,1
105041236,20000630,,OQSECPPID,SE,300,104140286,14,103000286,16,32,1
105041240,20000630,,OQSECPPID,SE,300,104150286,15,103000286,16,32,1
105041244,20000630,,OQSECPPID,SE,300,104160286,16,103000286,16,32,1
105041248,20000630,,OQSECPPID,SE,300,104170286,17,103000286,16,32,1
105041185,20000630,,OQSECPPID,SW,400,104010286,1,103000286,16,32,1
105041189,20000630,,OQSECPPID,SW,400,104020286,2,103000286,16,32,1
105041193,20000630,,OQSECPPID,SW,400,104030286,3,103000286,16,32,1
105041200,20000630,,OQSECPPID,SE,300,104050286,5,103000286,16,32,1
105041204,20000630,,OQSECPPID,SE,300,104060286,6,103000286,16,32,1
105041460,20000630,,OQSECPPID,SE,300,104340287,34,103000287,17,32,1
105041443,20000630,,OQSECPPID,NE,100,104290287,29,103000287,17,32,1
105060916,20000704,,OQSECPPID,SE,300,104020423,2,103000423,18,33,1
105060927,20000704,,OQSECPPID,NE,100,104040423,4,103000423,18,33,1
105060920,20000704,,OQSECPPID,SE,300,104030423,3,103000423,18,33,1
105041505,20000630,,OQSECPPID,SW,400,104090288,9,103000288,18,32,1
105041494,20000630,,OQSECPPID,NW,200,104060288,6,103000288,18,32,1
105041482,20000630,,OQSECPPID,NW,200,104030288,3,103000288,18,32,1
105041485,20000630,,OQSECPPID,SW,400,104040288,4,103000288,18,32,1
105041488,20000630,,OQSECPPID,SE,300,104050288,5,103000288,18,32,1
105041343,20000630,,OQSECPPID,NE,100,104040287,4,103000287,17,32,1
105041347,20000630,,OQSECPPID,NE,100,104050287,5,103000287,17,32,1
105041351,20000630,,OQSECPPID,NE,100,104060287,6,103000287,17,32,1
105002448,20000617,,OQSECPPID,SE,300,104010017,1,103000017,17,30,1
105002452,20000617,,OQSECPPID,SE,300,104020017,2,103000017,17,30,1
105002463,20000617,,OQSECPPID,NE,100,104040017,4,103000017,17,30,1
105002456,20000617,,OQSECPPID,SE,300,104030017,3,103000017,17,30,1
105002464,20000617,,OQSECPPID,SE,300,104050017,5,103000017,17,30,1
105002468,20000617,,OQSECPPID,SE,300,104060017,6,103000017,17,30,1
105002613,20020504,,OQSECPPID,SW,400,104060018,6,103000018,18,30,1
105002429,20000617,,OQSECPPID,SW,400,104320016,32,103000016,16,30,1
105021780,20000619,,OQSECPPID,SE,300,104100151,10,103000151,16,31,1
105021776,20000619,,OQSECPPID,SE,300,104090151,9,103000151,16,31,1
105021772,20000619,,OQSECPPID,SE,300,104080151,8,103000151,16,31,1
105021788,20000619,,OQSECPPID,SE,300,104120151,12,103000151,16,31,1
105021849,20000619,,OQSECPPID,SW,400,104270151,27,103000151,16,31,1
105021856,20000619,,OQSECPPID,SE,300,104290151,29,103000151,16,31,1
105021860,20000619,,OQSECPPID,SE,300,104300151,30,103000151,16,31,1
105021828,20000619,,OQSECPPID,SE,300,104220151,22,103000151,16,31,1
105021820,20000619,,OQSECPPID,SE,300,104200151,20,103000151,16,31,1
105041320,20000630,,OQSECPPID,SE,300,104350286,35,103000286,16,32,1
105041286,20000630,,OQSECPPID,NW,200,104260286,26,103000286,16,32,1
105041289,20000630,,OQSECPPID,SW,400,104270286,27,103000286,16,32,1
105041267,20000630,,OQSECPPID,NE,100,104210286,21,103000286,16,32,1
105041259,20000630,,OQSECPPID,NE,100,104190286,19,103000286,16,32,1
105041268,20000630,,OQSECPPID,SE,300,104220286,22,103000286,16,32,1
105041260,20000630,,OQSECPPID,SE,300,104200286,20,103000286,16,32,1
105022040,20000619,,OQSECPPID,SE,300,104030153,3,103000153,18,31,1
105002486,20000617,,OQSECPPID,NW,200,104100017,10,103000017,17,30,1
105002481,20000617,,OQSECPPID,SW,400,104090017,9,103000017,17,30,1
105002563,20000617,,OQSECPPID,NE,100,104290017,29,103000017,17,30,1
105002545,20000617,,OQSECPPID,SW,400,104250017,25,103000017,17,30,1
105021838,20000619,,OQSECPPID,NW,200,104240151,24,103000151,16,31,1
105021844,20000619,,OQSECPPID,SE,300,104260151,26,103000151,16,31,1
105021834,20000619,,OQSECPPID,NW,200,104230151,23,103000151,16,31,1
105022072,20000619,,OQSECPPID,SE,300,104110153,11,103000153,18,31,1
105060722,20000703,,OQSECPPID,NW,200,104250421,25,103000421,16,33,1
105060731,20000703,,OQSECPPID,NE,100,104270421,27,103000421,16,33,1
105060732,20000703,,OQSECPPID,SE,300,104280421,28,103000421,16,33,1
105060736,20000703,,OQSECPPID,SE,300,104290421,29,103000421,16,33,1
105060906,20000703,,OQSECPPID,NW,200,104350422,35,103000422,17,33,1
105060901,20000703,,OQSECPPID,SW,400,104340422,34,103000422,17,33,1
105060897,20000703,,OQSECPPID,SW,400,104330422,33,103000422,17,33,1
105060893,20000703,,OQSECPPID,SW,400,104320422,32,103000422,17,33,1
105060867,20000703,,OQSECPPID,NE,100,104250422,25,103000422,17,33,1
105060868,20000703,,OQSECPPID,SE,300,104260422,26,103000422,17,33,1
105060873,20000703,,OQSECPPID,SW,400,104270422,27,103000422,17,33,1
105060877,20000703,,OQSECPPID,SW,400,104280422,28,103000422,17,33,1
105060881,20000703,,OQSECPPID,SW,400,104290422,29,103000422,17,33,1
105041536,20000630,,OQSECPPID,SE,300,104170288,17,103000288,18,32,1
105041532,20021213,,OQSECPPID,SE,300,104160288,16,103000288,18,32,1
105041540,20010913,,OQSECPPID,SE,300,104180288,18,103000288,18,32,1
105041502,20000630,,OQSECPPID,NW,200,104080288,8,103000288,18,32,1
105041449,20000630,,OQSECPPID,SW,400,104310287,31,103000287,17,32,1
105002515,20000617,,OQSECPPID,NE,100,104170017,17,103000017,17,30,1
105002496,20000617,,OQSECPPID,SE,300,104130017,13,103000017,17,30,1
105002423,20000617,,OQSECPPID,NE,100,104300016,30,103000016,16,30,1
105002400,20000617,,OQSECPPID,SE,300,104250016,25,103000016,16,30,1
105002404,20000617,,OQSECPPID,SE,300,104260016,26,103000016,16,30,1
105002408,20000617,,OQSECPPID,SE,300,104270016,27,103000016,16,30,1
105002412,20000617,,OQSECPPID,SE,300,104280016,28,103000016,16,30,1
105002416,20000617,,OQSECPPID,SE,300,104290016,29,103000016,16,30,1
105002379,20000617,,OQSECPPID,NE,100,104190016,19,103000016,16,30,1
105002396,20000617,,OQSECPPID,SE,300,104240016,24,103000016,16,30,1
105002392,20000617,,OQSECPPID,SE,300,104230016,23,103000016,16,30,1
105002384,20000617,,OQSECPPID,SE,300,104210016,21,103000016,16,30,1
105002380,20000617,,OQSECPPID,SE,300,104200016,20,103000016,16,30,1
105002370,20000617,,OQSECPPID,NW,200,104170016,17,103000016,16,30,1
105002374,20000617,,OQSECPPID,NW,200,104180016,18,103000016,16,30,1
105002352,20000617,,OQSECPPID,SE,300,104130016,13,103000016,16,30,1
105002357,20000617,,OQSECPPID,SW,400,104140016,14,103000016,16,30,1
105002361,20000617,,OQSECPPID,SW,400,104150016,15,103000016,16,30,1
105021744,20000619,,OQSECPPID,SE,300,104010151,1,103000151,16,31,1
105021748,20000619,,OQSECPPID,SE,300,104020151,2,103000151,16,31,1
105021752,20000619,,OQSECPPID,SE,300,104030151,3,103000151,16,31,1
105021756,20000619,,OQSECPPID,SE,300,104040151,4,103000151,16,31,1
105021765,20000619,,OQSECPPID,SW,400,104060151,6,103000151,16,31,1
105022031,20000619,,OQSECPPID,NE,100,104360152,36,103000152,17,31,1
105022026,20000619,,OQSECPPID,NW,200,104350152,35,103000152,17,31,1
105022022,20000619,,OQSECPPID,NW,200,104340152,34,103000152,17,31,1
105021952,20000619,,OQSECPPID,SE,300,104170152,17,103000152,17,31,1
105021922,20000619,,OQSECPPID,NW,200,104090152,9,103000152,17,31,1
105021932,20020422,,OQSECPPID,SE,300,104120152,12,103000152,17,31,1
105021929,20000619,,OQSECPPID,SW,400,104110152,11,103000152,17,31,1
105021925,20000619,,OQSECPPID,SW,400,104100152,10,103000152,17,31,1
105021916,20000619,,OQSECPPID,SE,300,104080152,8,103000152,17,31,1
105021912,20000619,,OQSECPPID,SE,300,104070152,7,103000152,17,31,1
105021890,20020422,,OQSECPPID,NW,200,104010152,1,103000152,17,31,1
105021899,20000619,,OQSECPPID,NE,100,104030152,3,103000152,17,31,1
105041214,20000630,,OQSECPPID,NW,200,104080286,8,103000286,16,32,1
105041229,20000630,,OQSECPPID,SW,400,104120286,12,103000286,16,32,1
105041210,20000630,,OQSECPPID,NW,200,104070286,7,103000286,16,32,1
105041225,20000630,,OQSECPPID,SW,400,104110286,11,103000286,16,32,1
105041329,20000630,,OQSECPPID,SW,400,104010287,1,103000287,17,32,1
105041333,20000630,,OQSECPPID,SW,400,104020287,2,103000287,17,32,1
105021995,20000619,,OQSECPPID,NE,100,104270152,27,103000152,17,31,1
105022007,20000619,,OQSECPPID,NE,100,104300152,30,103000152,17,31,1
105021987,20000619,,OQSECPPID,NE,100,104250152,25,103000152,17,31,1
105021991,20000619,,OQSECPPID,NE,100,104260152,26,103000152,17,31,1
105060910,20000703,,OQSECPPID,NW,200,104360422,36,103000422,17,33,1
105002303,20000617,,OQSECPPID,NE,100,104360015,36,103000015,15,30,1
105002294,20000617,,OQSECPPID,NW,200,104340015,34,103000015,15,30,1
105002500,20000617,,OQSECPPID,SE,300,104140017,14,103000017,17,30,1
105002504,20000617,,OQSECPPID,SE,300,104150017,15,103000017,17,30,1
105002508,20000617,,OQSECPPID,SE,300,104160017,16,103000017,17,30,1
105002516,20000617,,OQSECPPID,SE,300,104180017,18,103000017,17,30,1
105041306,20000630,,OQSECPPID,NW,200,104310286,31,103000286,16,32,1
105041312,20000630,,OQSECPPID,SE,300,104330286,33,103000286,16,32,1
105041308,20000630,,OQSECPPID,SE,300,104320286,32,103000286,16,32,1
105041456,20000630,,OQSECPPID,SE,300,104330287,33,103000287,17,32,1
105021816,20000619,,OQSECPPID,SE,300,104190151,19,103000151,16,31,1
105021824,20021018,,OQSECPPID,SE,300,104210151,21,103000151,16,31,1
105021814,20000619,,OQSECPPID,NW,200,104180151,18,103000151,16,31,1
105021792,20000619,,OQSECPPID,SE,300,104130151,13,103000151,16,31,1
105021800,20000619,,OQSECPPID,SE,300,104150151,15,103000151,16,31,1
105021804,20021018,,OQSECPPID,SE,300,104160151,16,103000151,16,31,1
105021809,20000619,,OQSECPPID,SW,400,104170151,17,103000151,16,31,1
105060804,20000703,,OQSECPPID,SE,300,104100422,10,103000422,17,33,1
105060800,20000703,,OQSECPPID,SE,300,104090422,9,103000422,17,33,1
105060796,20000703,,OQSECPPID,SE,300,104080422,8,103000422,17,33,1
105060768,20000703,,OQSECPPID,SE,300,104010422,1,103000422,17,33,1
105060772,20000703,,OQSECPPID,SE,300,104020422,2,103000422,17,33,1
105060776,20000703,,OQSECPPID,SE,300,104030422,3,103000422,17,33,1
105060780,20000703,,OQSECPPID,SE,300,104040422,4,103000422,17,33,1
105060784,20000703,,OQSECPPID,SE,300,104050422,5,103000422,17,33,1
105060989,20000704,,OQSECPPID,SW,400,104200423,20,103000423,18,33,1
105060969,20000704,,OQSECPPID,SW,400,104150423,15,103000423,18,33,1
105060973,20000704,,OQSECPPID,SW,400,104160423,16,103000423,18,33,1
105060976,20000704,,OQSECPPID,SE,300,104170423,17,103000423,18,33,1
105060956,20000704,,OQSECPPID,SE,300,104120423,12,103000423,18,33,1
105060949,20000704,,OQSECPPID,SW,400,104100423,10,103000423,18,33,1
105060945,20000704,,OQSECPPID,SW,400,104090423,9,103000423,18,33,1
105060941,20000704,,OQSECPPID,SW,400,104080423,8,103000423,18,33,1
105060952,20000704,,OQSECPPID,SE,300,104110423,11,103000423,18,33,1
105060931,20000704,,OQSECPPID,NE,100,104050423,5,103000423,18,33,1
105060912,20000704,,OQSECPPID,SE,300,104010423,1,103000423,18,33,1
105021796,20000619,,OQSECPPID,SE,300,104140151,14,103000151,16,31,1
105021786,20000619,,OQSECPPID,NW,200,104110151,11,103000151,16,31,1
105022016,20000619,,OQSECPPID,SE,300,104330152,33,103000152,17,31,1
105022014,20000619,,OQSECPPID,NW,200,104320152,32,103000152,17,31,1
105021997,20000619,,OQSECPPID,SW,400,104280152,28,103000152,17,31,1
105041434,20000630,,OQSECPPID,NW,200,104270287,27,103000287,17,32,1
105041424,20000630,,OQSECPPID,SE,300,104250287,25,103000287,17,32,1
105041436,20000630,,OQSECPPID,SE,300,104280287,28,103000287,17,32,1
105041429,20000630,,OQSECPPID,SW,400,104260287,26,103000287,17,32,1
105041444,20000630,,OQSECPPID,SE,300,104300287,30,103000287,17,32,1
105041407,20000630,,OQSECPPID,NE,100,104200287,20,103000287,17,32,1
105041420,20000630,,OQSECPPID,SE,300,104240287,24,103000287,17,32,1
105041416,20000630,,OQSECPPID,SE,300,104230287,23,103000287,17,32,1
105041414,20000630,,OQSECPPID,NW,200,104220287,22,103000287,17,32,1
105041408,20000630,,OQSECPPID,SE,300,104210287,21,103000287,17,32,1
105041401,20000630,,OQSECPPID,SW,400,104190287,19,103000287,17,32,1
105041387,20000630,,OQSECPPID,NE,100,104150287,15,103000287,17,32,1
105099551,20000619,,OQSECPPID,NE,100,104120691,12,103000691,16,1,2
105060653,20000703,,OQSECPPID,SW,400,104080421,8,103000421,16,33,1
105060624,20000703,,OQSECPPID,SE,300,104010421,1,103000421,16,33,1
105022000,20000619,,OQSECPPID,SE,300,104290152,29,103000152,17,31,1
105021963,20000619,,OQSECPPID,NE,100,104190152,19,103000152,17,31,1
105021980,20000619,,OQSECPPID,SE,300,104240152,24,103000152,17,31,1
105060628,20000703,,OQSECPPID,SE,300,104020421,2,103000421,16,33,1
105060632,20000703,,OQSECPPID,SE,300,104030421,3,103000421,16,33,1
105060637,20000703,,OQSECPPID,SW,400,104040421,4,103000421,16,33,1
105060641,20000703,,OQSECPPID,SW,400,104050421,5,103000421,16,33,1
105099600,20000619,,OQSECPPID,SE,300,104250691,25,103000691,16,1,2
105021973,20000619,,OQSECPPID,SW,400,104220152,22,103000152,17,31,1
105021968,20000619,,OQSECPPID,SE,300,104210152,21,103000152,17,31,1
105021964,20000619,,OQSECPPID,SE,300,104200152,20,103000152,17,31,1
105021976,20000619,,OQSECPPID,SE,300,104230152,23,103000152,17,31,1
105021959,20000619,,OQSECPPID,NE,100,104180152,18,103000152,17,31,1
105041498,20000630,,OQSECPPID,NW,200,104070288,7,103000288,18,32,1
105041327,20000630,,OQSECPPID,NE,100,104360286,36,103000286,16,32,1
105041319,20000630,,OQSECPPID,NE,100,104340286,34,103000286,16,32,1
105041294,20000630,,OQSECPPID,NW,200,104280286,28,103000286,16,32,1
105041298,20000630,,OQSECPPID,NW,200,104290286,29,103000286,16,32,1
105041302,20000630,,OQSECPPID,NW,200,104300286,30,103000286,16,32,1
105041280,20000630,,OQSECPPID,SE,300,104250286,25,103000286,16,32,1
105041278,20000630,,OQSECPPID,NW,200,104240286,24,103000286,16,32,1
105041274,20000630,,OQSECPPID,NW,200,104230286,23,103000286,16,32,1
105002557,20000617,,OQSECPPID,SW,400,104280017,28,103000017,17,30,1
105002564,20000617,,OQSECPPID,SE,300,104300017,30,103000017,17,30,1
105002490,20000617,,OQSECPPID,NW,200,104110017,11,103000017,17,30,1
105021883,20000619,,OQSECPPID,NE,100,104350151,35,103000151,16,31,1
105021874,20000619,,OQSECPPID,NW,200,104330151,33,103000151,16,31,1
105021884,20000619,,OQSECPPID,SE,300,104360151,36,103000151,16,31,1
105099647,20000619,,OQSECPPID,NE,100,104360691,36,103000691,16,1,2
105002479,20000617,,OQSECPPID,NE,100,104080017,8,103000017,17,30,1
105002474,20020606,,OQSECPPID,NW,200,104070017,7,103000017,17,30,1
105002492,20000617,,OQSECPPID,SE,300,104120017,12,103000017,17,30,1
105002340,20000617,,OQSECPPID,SE,300,104100016,10,103000016,16,30,1
105002318,20000617,,OQSECPPID,NW,200,104040016,4,103000016,16,30,1
105002446,20000617,,OQSECPPID,NW,200,104360016,36,103000016,16,30,1
105002442,20000617,,OQSECPPID,NW,200,104350016,35,103000016,16,30,1
105002435,20000617,,OQSECPPID,NE,100,104330016,33,103000016,16,30,1
105002426,20000617,,OQSECPPID,NW,200,104310016,31,103000016,16,30,1
105002305,20000617,,OQSECPPID,SW,400,104010016,1,103000016,16,30,1
105002322,20000617,,OQSECPPID,NW,200,104050016,5,103000016,16,30,1
105002312,20000617,,OQSECPPID,SE,300,104030016,3,103000016,16,30,1
105002571,20020504,,OQSECPPID,NE,100,104310017,31,103000017,17,30,1
105002589,20000617,,OQSECPPID,SW,400,104360017,36,103000017,17,30,1
105002580,20000617,,OQSECPPID,SE,300,104340017,34,103000017,17,30,1
105002551,20000617,,OQSECPPID,NE,100,104260017,26,103000017,17,30,1
105002554,20000617,,OQSECPPID,NW,200,104270017,27,103000017,17,30,1
105002573,20000617,,OQSECPPID,SW,400,104320017,32,103000017,17,30,1
105041216,20000630,,OQSECPPID,SE,300,104090286,9,103000286,16,32,1
105041376,20000630,,OQSECPPID,SE,300,104130287,13,103000287,17,32,1
105041381,20000630,,OQSECPPID,SW,400,104140287,14,103000287,17,32,1
105041388,20000630,,OQSECPPID,SE,300,104160287,16,103000287,17,32,1
105041393,20000630,,OQSECPPID,SW,400,104170287,17,103000287,17,32,1
105021769,20000619,,OQSECPPID,SW,400,104070151,7,103000151,16,31,1
105041374,20000630,,OQSECPPID,NW,200,104120287,12,103000287,17,32,1
105041367,20000630,,OQSECPPID,NE,100,104100287,10,103000287,17,32,1
105041362,20000630,,OQSECPPID,NW,200,104090287,9,103000287,17,32,1
105041355,20000630,,OQSECPPID,NE,100,104070287,7,103000287,17,32,1
105041368,20000630,,OQSECPPID,SE,300,104110287,11,103000287,17,32,1
105060666,20000703,,OQSECPPID,NW,200,104110421,11,103000421,16,33,1
105060662,20000703,,OQSECPPID,NW,200,104100421,10,103000421,16,33,1
105021760,20000619,,OQSECPPID,SE,300,104050151,5,103000151,16,31,1
105060658,20000703,,OQSECPPID,NW,200,104090421,9,103000421,16,33,1
105060670,20000703,,OQSECPPID,NW,200,104120421,12,103000421,16,33,1
105099747,20000619,,OQSECPPID,NE,100,104250692,25,103000692,17,1,2
105060764,20000703,,OQSECPPID,SE,300,104360421,36,103000421,16,33,1
105060761,20000703,,OQSECPPID,SW,400,104350421,35,103000421,16,33,1
105060757,20000703,,OQSECPPID,SW,400,104340421,34,103000421,16,33,1
105060748,20000703,,OQSECPPID,SE,300,104320421,32,103000421,16,33,1
105002461,20000617,,OQSECPPID,SW,400,104040017,4,103000017,17,30,1
105002469,20000617,,OQSECPPID,SW,400,104060017,6,103000017,17,30,1
105002457,20000617,,OQSECPPID,SW,400,104030017,3,103000017,17,30,1
105002465,20000617,,OQSECPPID,SW,400,104050017,5,103000017,17,30,1
105021781,20000619,,OQSECPPID,SW,400,104100151,10,103000151,16,31,1
105021777,20000619,,OQSECPPID,SW,400,104090151,9,103000151,16,31,1
105021773,20000619,,OQSECPPID,SW,400,104080151,8,103000151,16,31,1
105021857,20000619,,OQSECPPID,SW,400,104290151,29,103000151,16,31,1
105021861,20000619,,OQSECPPID,SW,400,104300151,30,103000151,16,31,1
105021821,20000619,,OQSECPPID,SW,400,104200151,20,103000151,16,31,1
105021817,20000619,,OQSECPPID,SW,400,104190151,19,103000151,16,31,1
105021811,20000619,,OQSECPPID,NE,100,104170151,17,103000151,16,31,1
105021807,20021018,,OQSECPPID,NE,100,104160151,16,103000151,16,31,1
105021793,20000619,,OQSECPPID,SW,400,104130151,13,103000151,16,31,1
105021801,20000619,,OQSECPPID,SW,400,104150151,15,103000151,16,31,1
105021797,20000619,,OQSECPPID,SW,400,104140151,14,103000151,16,31,1
105021812,20000619,,OQSECPPID,SE,300,104180151,18,103000151,16,31,1
105021791,20000619,,OQSECPPID,NE,100,104120151,12,103000151,16,31,1
105021787,20000619,,OQSECPPID,NE,100,104110151,11,103000151,16,31,1
105022001,20000619,,OQSECPPID,SW,400,104290152,29,103000152,17,31,1
105041241,20000630,,OQSECPPID,SW,400,104150286,15,103000286,16,32,1
105041219,20000630,,OQSECPPID,NE,100,104090286,9,103000286,16,32,1
105041211,20000630,,OQSECPPID,NE,100,104070286,7,103000286,16,32,1
105041228,20000630,,OQSECPPID,SE,300,104120286,12,103000286,16,32,1
105041223,20000630,,OQSECPPID,NE,100,104100286,10,103000286,16,32,1
105041224,20000630,,OQSECPPID,SE,300,104110286,11,103000286,16,32,1
105041215,20000630,,OQSECPPID,NE,100,104080286,8,103000286,16,32,1
105041398,20000630,,OQSECPPID,NW,200,104180287,18,103000287,17,32,1
105041377,20000630,,OQSECPPID,SW,400,104130287,13,103000287,17,32,1
105041385,20000630,,OQSECPPID,SW,400,104150287,15,103000287,17,32,1
105041389,20010815,,OQSECPPID,SW,400,104160287,16,103000287,17,32,1
105041370,20000630,,OQSECPPID,NW,200,104110287,11,103000287,17,32,1
105041363,20000630,,OQSECPPID,NE,100,104090287,9,103000287,17,32,1
105041359,20010815,,OQSECPPID,NE,100,104080287,8,103000287,17,32,1
105041354,20000630,,OQSECPPID,NW,200,104070287,7,103000287,17,32,1
105099555,20000619,,OQSECPPID,NE,100,104130691,13,103000691,16,1,2
105060663,20000703,,OQSECPPID,NE,100,104100421,10,103000421,16,33,1
105060659,20000703,,OQSECPPID,NE,100,104090421,9,103000421,16,33,1
105060669,20000703,,OQSECPPID,SW,400,104120421,12,103000421,16,33,1
105099888,20000619,,OQSECPPID,SE,300,104250693,25,103000693,18,1,2
105041437,20000630,,OQSECPPID,SW,400,104280287,28,103000287,17,32,1
105041441,20000630,,OQSECPPID,SW,400,104290287,29,103000287,17,32,1
105041432,20000630,,OQSECPPID,SE,300,104270287,27,103000287,17,32,1
105041428,20000630,,OQSECPPID,SE,300,104260287,26,103000287,17,32,1
105041425,20000630,,OQSECPPID,SW,400,104250287,25,103000287,17,32,1
105041445,20020417,,OQSECPPID,SW,400,104300287,30,103000287,17,32,1
105041421,20000630,,OQSECPPID,SW,400,104240287,24,103000287,17,32,1
105041413,20000630,,OQSECPPID,SW,400,104220287,22,103000287,17,32,1
105041409,20000630,,OQSECPPID,SW,400,104210287,21,103000287,17,32,1
105041405,20000630,,OQSECPPID,SW,400,104200287,20,103000287,17,32,1
105041403,20000630,,OQSECPPID,NE,100,104190287,19,103000287,17,32,1
105041417,20000630,,OQSECPPID,SW,400,104230287,23,103000287,17,32,1
105060629,20000703,,OQSECPPID,SW,400,104020421,2,103000421,16,33,1
105060633,20000703,,OQSECPPID,SW,400,104030421,3,103000421,16,33,1
105060640,20000703,,OQSECPPID,SE,300,104050421,5,103000421,16,33,1
105060625,20000703,,OQSECPPID,SW,400,104010421,1,103000421,16,33,1
105060717,20000703,,OQSECPPID,SW,400,104240421,24,103000421,16,33,1
105060713,20000703,,OQSECPPID,SW,400,104230421,23,103000421,16,33,1
105002541,20020606,,OQSECPPID,SW,400,104240017,24,103000017,17,30,1
105002537,20000617,,OQSECPPID,SW,400,104230017,23,103000017,17,30,1
105002533,20000617,,OQSECPPID,SW,400,104220017,22,103000017,17,30,1
105002529,20000617,,OQSECPPID,SW,400,104210017,21,103000017,17,30,1
105022042,20000619,,OQSECPPID,NW,200,104030153,3,103000153,18,31,1
105022037,20000619,,OQSECPPID,SW,400,104020153,2,103000153,18,31,1
105022046,20000619,,OQSECPPID,NW,200,104040153,4,103000153,18,31,1
105002349,20000617,,OQSECPPID,SW,400,104120016,12,103000016,16,30,1
105002337,20000617,,OQSECPPID,SW,400,104090016,9,103000016,16,30,1
105002333,20000617,,OQSECPPID,SW,400,104080016,8,103000016,16,30,1
105041448,20000630,,OQSECPPID,SE,300,104310287,31,103000287,17,32,1
105002521,20000617,,OQSECPPID,SW,400,104190017,19,103000017,17,30,1
105002525,20000617,,OQSECPPID,SW,400,104200017,20,103000017,17,30,1
105002497,20000617,,OQSECPPID,SW,400,104130017,13,103000017,17,30,1
105002401,20000617,,OQSECPPID,SW,400,104250016,25,103000016,16,30,1
105002405,20000617,,OQSECPPID,SW,400,104260016,26,103000016,16,30,1
105002409,20000617,,OQSECPPID,SW,400,104270016,27,103000016,16,30,1
105002413,20000617,,OQSECPPID,SW,400,104280016,28,103000016,16,30,1
105022017,20000619,,OQSECPPID,SW,400,104330152,33,103000152,17,31,1
105021986,20000619,,OQSECPPID,NW,200,104250152,25,103000152,17,31,1
105021990,20000619,,OQSECPPID,NW,200,104260152,26,103000152,17,31,1
105022008,20000619,,OQSECPPID,SE,300,104310152,31,103000152,17,31,1
105060909,20000703,,OQSECPPID,SW,400,104360422,36,103000422,17,33,1
105002302,20000617,,OQSECPPID,NW,200,104360015,36,103000015,15,30,1
105022049,20000619,,OQSECPPID,SW,400,104050153,5,103000153,18,31,1
105022032,20000619,,OQSECPPID,SE,300,104010153,1,103000153,18,31,1
105002501,20000617,,OQSECPPID,SW,400,104140017,14,103000017,17,30,1
105002505,20000617,,OQSECPPID,SW,400,104150017,15,103000017,17,30,1
105002509,20000617,,OQSECPPID,SW,400,104160017,16,103000017,17,30,1
105002513,20000617,,OQSECPPID,SW,400,104170017,17,103000017,17,30,1
105041313,20000630,,OQSECPPID,SW,400,104330286,33,103000286,16,32,1
105041309,20000630,,OQSECPPID,SW,400,104320286,32,103000286,16,32,1
105041305,20000630,,OQSECPPID,SW,400,104310286,31,103000286,16,32,1
105041462,20000630,,OQSECPPID,NW,200,104340287,34,103000287,17,32,1
105041457,20000630,,OQSECPPID,SW,400,104330287,33,103000287,17,32,1
105021981,20000619,,OQSECPPID,SW,400,104240152,24,103000152,17,31,1
105021969,20000619,,OQSECPPID,SW,400,104210152,21,103000152,17,31,1
105021965,20000619,,OQSECPPID,SW,400,104200152,20,103000152,17,31,1
105021977,20000619,,OQSECPPID,SW,400,104230152,23,103000152,17,31,1
105021961,20000619,,OQSECPPID,SW,400,104190152,19,103000152,17,31,1
105021937,20000619,,OQSECPPID,SW,400,104130152,13,103000152,17,31,1
105021941,20000619,,OQSECPPID,SW,400,104140152,14,103000152,17,31,1
105021945,20000619,,OQSECPPID,SW,400,104150152,15,103000152,17,31,1
105021949,20000619,,OQSECPPID,SW,400,104160152,16,103000152,17,31,1
105041336,20000630,,OQSECPPID,SE,300,104030287,3,103000287,17,32,1
105041233,20000630,,OQSECPPID,SW,400,104130286,13,103000286,16,32,1
105041237,20000630,,OQSECPPID,SW,400,104140286,14,103000286,16,32,1
105041245,20000630,,OQSECPPID,SW,400,104160286,16,103000286,16,32,1
105041249,20000630,,OQSECPPID,SW,400,104170286,17,103000286,16,32,1
105041253,20000630,,OQSECPPID,SW,400,104180286,18,103000286,16,32,1
105041188,20000630,,OQSECPPID,SE,300,104020286,2,103000286,16,32,1
105041192,20000630,,OQSECPPID,SE,300,104030286,3,103000286,16,32,1
105041196,20000630,,OQSECPPID,SE,300,104040286,4,103000286,16,32,1
105041201,20000630,,OQSECPPID,SW,400,104050286,5,103000286,16,32,1
105041184,20000630,,OQSECPPID,SE,300,104010286,1,103000286,16,32,1
105060756,20000703,,OQSECPPID,SE,300,104340421,34,103000421,16,33,1
105060749,20000703,,OQSECPPID,SW,400,104320421,32,103000421,16,33,1
105060760,20000703,,OQSECPPID,SE,300,104350421,35,103000421,16,33,1
105060723,20000703,,OQSECPPID,NE,100,104250421,25,103000421,16,33,1
105060752,20000703,,OQSECPPID,SE,300,104330421,33,103000421,16,33,1
105060730,20000703,,OQSECPPID,NW,200,104270421,27,103000421,16,33,1
105060739,20000703,,OQSECPPID,NE,100,104290421,29,103000421,16,33,1
105060726,20000703,,OQSECPPID,NW,200,104260421,26,103000421,16,33,1
105060733,20000703,,OQSECPPID,SW,400,104280421,28,103000421,16,33,1
105060905,20000703,,OQSECPPID,SW,400,104350422,35,103000422,17,33,1
105060892,20000703,,OQSECPPID,SE,300,104320422,32,103000422,17,33,1
105060896,20000703,,OQSECPPID,SE,300,104330422,33,103000422,17,33,1
105060874,20000703,,OQSECPPID,NW,200,104270422,27,103000422,17,33,1
105060869,20000703,,OQSECPPID,SW,400,104260422,26,103000422,17,33,1
105060876,20000703,,OQSECPPID,SE,300,104280422,28,103000422,17,33,1
105060880,20000703,,OQSECPPID,SE,300,104290422,29,103000422,17,33,1
105060709,20000703,,OQSECPPID,SW,400,104220421,22,103000421,16,33,1
105060705,20000703,,OQSECPPID,SW,400,104210421,21,103000421,16,33,1
105060701,20000703,,OQSECPPID,SW,400,104200421,20,103000421,16,33,1
105060673,20000703,,OQSECPPID,SW,400,104130421,13,103000421,16,33,1
105060677,20000703,,OQSECPPID,SW,400,104140421,14,103000421,16,33,1
105060681,20000703,,OQSECPPID,SW,400,104150421,15,103000421,16,33,1
105060685,20000703,,OQSECPPID,SW,400,104160421,16,103000421,16,33,1
105060689,20000703,,OQSECPPID,SW,400,104170421,17,103000421,16,33,1
105060860,20000703,,OQSECPPID,SE,300,104240422,24,103000422,17,33,1
105060856,20020419,,OQSECPPID,SE,300,104230422,23,103000422,17,33,1
105060852,20020419,,OQSECPPID,SE,300,104220422,22,103000422,17,33,1
105060849,20000703,,OQSECPPID,SW,400,104210422,21,103000422,17,33,1
105060845,20000703,,OQSECPPID,SW,400,104200422,20,103000422,17,33,1
105060817,20000703,,OQSECPPID,SW,400,104130422,13,103000422,17,33,1
105060821,20000703,,OQSECPPID,SW,400,104140422,14,103000422,17,33,1
105060832,20000703,,OQSECPPID,SE,300,104170422,17,103000422,17,33,1
105060828,20000703,,OQSECPPID,SE,300,104160422,16,103000422,17,33,1
105060813,20000703,,OQSECPPID,SW,400,104120422,12,103000422,17,33,1
105060809,20000703,,OQSECPPID,SW,400,104110422,11,103000422,17,33,1
105060805,20000703,,OQSECPPID,SW,400,104100422,10,103000422,17,33,1
105060801,20000703,,OQSECPPID,SW,400,104090422,9,103000422,17,33,1
105060797,20000703,,OQSECPPID,SW,400,104080422,8,103000422,17,33,1
105060769,20000703,,OQSECPPID,SW,400,104010422,1,103000422,17,33,1
105060773,20000703,,OQSECPPID,SW,400,104020422,2,103000422,17,33,1
105060777,20000703,,OQSECPPID,SW,400,104030422,3,103000422,17,33,1
105060781,20000703,,OQSECPPID,SW,400,104040422,4,103000422,17,33,1
105060785,20000703,,OQSECPPID,SW,400,104050422,5,103000422,17,33,1
105060988,20000704,,OQSECPPID,SE,300,104200423,20,103000423,18,33,1
105060977,20000704,,OQSECPPID,SW,400,104170423,17,103000423,18,33,1
105060972,20000704,,OQSECPPID,SE,300,104160423,16,103000423,18,33,1
105060943,20000704,,OQSECPPID,NE,100,104080423,8,103000423,18,33,1
105060944,20000704,,OQSECPPID,SE,300,104090423,9,103000423,18,33,1
105060957,20000704,,OQSECPPID,SW,400,104120423,12,103000423,18,33,1
105060948,20000704,,OQSECPPID,SE,300,104100423,10,103000423,18,33,1
105060913,20000704,,OQSECPPID,SW,400,104010423,1,103000423,18,33,1
105060917,20000704,,OQSECPPID,SW,400,104020423,2,103000423,18,33,1
105060925,20000704,,OQSECPPID,SW,400,104040423,4,103000423,18,33,1
105041537,20010913,,OQSECPPID,SW,400,104170288,17,103000288,18,32,1
105041533,20021213,,OQSECPPID,SW,400,104160288,16,103000288,18,32,1
105041503,20000630,,OQSECPPID,NE,100,104080288,8,103000288,18,32,1
105041499,20000630,,OQSECPPID,NE,100,104070288,7,103000288,18,32,1
105041326,20000630,,OQSECPPID,NW,200,104360286,36,103000286,16,32,1
105041322,20000630,,OQSECPPID,NW,200,104350286,35,103000286,16,32,1
105041318,20000630,,OQSECPPID,NW,200,104340286,34,103000286,16,32,1
105002323,20000617,,OQSECPPID,NE,100,104050016,5,103000016,16,30,1
105002329,20000617,,OQSECPPID,SW,400,104070016,7,103000016,16,30,1
105002319,20000617,,OQSECPPID,NE,100,104040016,4,103000016,16,30,1
105002327,20000617,,OQSECPPID,NE,100,104060016,6,103000016,16,30,1
105002315,20000617,,OQSECPPID,NE,100,104030016,3,103000016,16,30,1
105002304,20000617,,OQSECPPID,SE,300,104010016,1,103000016,16,30,1
105002447,20000617,,OQSECPPID,NE,100,104360016,36,103000016,16,30,1
105002443,20000617,,OQSECPPID,NE,100,104350016,35,103000016,16,30,1
105002439,20000617,,OQSECPPID,NE,100,104340016,34,103000016,16,30,1
105002427,20000617,,OQSECPPID,NE,100,104310016,31,103000016,16,30,1
105002308,20000617,,OQSECPPID,SE,300,104020016,2,103000016,16,30,1
105002569,20000617,,OQSECPPID,SW,400,104310017,31,103000017,17,30,1
105002588,20000617,,OQSECPPID,SE,300,104360017,36,103000017,17,30,1
105002585,20000617,,OQSECPPID,SW,400,104350017,35,103000017,17,30,1
105002546,20000617,,OQSECPPID,NW,200,104250017,25,103000017,17,30,1
105002581,20000617,,OQSECPPID,SW,400,104340017,34,103000017,17,30,1
105041295,20000630,,OQSECPPID,NE,100,104280286,28,103000286,16,32,1
105041299,20000630,,OQSECPPID,NE,100,104290286,29,103000286,16,32,1
105041303,20000630,,OQSECPPID,NE,100,104300286,30,103000286,16,32,1
105041279,20000630,,OQSECPPID,NE,100,104240286,24,103000286,16,32,1
105041281,20000630,,OQSECPPID,SW,400,104250286,25,103000286,16,32,1
105041285,20000630,,OQSECPPID,SW,400,104260286,26,103000286,16,32,1
105041275,20000630,,OQSECPPID,NE,100,104230286,23,103000286,16,32,1
105002561,20000617,,OQSECPPID,SW,400,104290017,29,103000017,17,30,1
105002555,20000617,,OQSECPPID,NE,100,104270017,27,103000017,17,30,1
105002577,20000617,,OQSECPPID,SW,400,104330017,33,103000017,17,30,1
105002417,20000617,,OQSECPPID,SW,400,104290016,29,103000016,16,30,1
105002421,20000617,,OQSECPPID,SW,400,104300016,30,103000016,16,30,1
105002391,20000617,,OQSECPPID,NE,100,104220016,22,103000016,16,30,1
105002397,20000617,,OQSECPPID,SW,400,104240016,24,103000016,16,30,1
105002393,20000617,,OQSECPPID,SW,400,104230016,23,103000016,16,30,1
105002385,20000617,,OQSECPPID,SW,400,104210016,21,103000016,16,30,1
105002381,20000617,,OQSECPPID,SW,400,104200016,20,103000016,16,30,1
105002377,20000617,,OQSECPPID,SW,400,104190016,19,103000016,16,30,1
105002367,20000617,,OQSECPPID,NE,100,104160016,16,103000016,16,30,1
105002371,20000617,,OQSECPPID,NE,100,104170016,17,103000016,16,30,1
105002375,20000617,,OQSECPPID,NE,100,104180016,18,103000016,16,30,1
105002360,20000617,,OQSECPPID,SE,300,104150016,15,103000016,16,30,1
105002449,20000617,,OQSECPPID,SW,400,104010017,1,103000017,17,30,1
105002453,20000617,,OQSECPPID,SW,400,104020017,2,103000017,17,30,1
105041455,20000630,,OQSECPPID,NE,100,104320287,32,103000287,17,32,1
105041258,20020510,,OQSECPPID,NW,200,104190286,19,103000286,16,32,1
105041266,20000630,,OQSECPPID,NW,200,104210286,21,103000286,16,32,1
105041261,20000630,,OQSECPPID,SW,400,104200286,20,103000286,16,32,1
105041269,20000630,,OQSECPPID,SW,400,104220286,22,103000286,16,32,1
105002614,20020504,,OQSECPPID,NW,200,104060018,6,103000018,18,30,1
105021827,20050728,,OQSECPPID,NE,100,104210151,21,103000151,16,31,1
105021839,20000619,,OQSECPPID,NE,100,104240151,24,103000151,16,31,1
105021841,20000619,,OQSECPPID,SW,400,104250151,25,103000151,16,31,1
105021845,20000619,,OQSECPPID,SW,400,104260151,26,103000151,16,31,1
105021853,20000619,,OQSECPPID,SW,400,104280151,28,103000151,16,31,1
105021835,20000619,,OQSECPPID,NE,100,104230151,23,103000151,16,31,1
105021831,20000619,,OQSECPPID,NE,100,104220151,22,103000151,16,31,1
105022073,20000619,,OQSECPPID,SW,400,104110153,11,103000153,18,31,1
105002345,20000617,,OQSECPPID,SW,400,104110016,11,103000016,16,30,1
105002341,20000617,,OQSECPPID,SW,400,104100016,10,103000016,16,30,1
105060921,20000704,,OQSECPPID,SW,400,104030423,3,103000423,18,33,1
105060929,20000704,,OQSECPPID,SW,400,104050423,5,103000423,18,33,1
105041205,20000630,,OQSECPPID,SW,400,104060286,6,103000286,16,32,1
105041484,20000630,,OQSECPPID,SE,300,104040288,4,103000288,18,32,1
105041492,20010419,,OQSECPPID,SE,300,104060288,6,103000288,18,32,1
105041342,20000630,,OQSECPPID,NW,200,104040287,4,103000287,17,32,1
105041346,20000630,,OQSECPPID,NW,200,104050287,5,103000287,17,32,1
105041350,20000630,,OQSECPPID,NW,200,104060287,6,103000287,17,32,1
105041328,20000630,,OQSECPPID,SE,300,104010287,1,103000287,17,32,1
105041332,20000630,,OQSECPPID,SE,300,104020287,2,103000287,17,32,1
105021994,20000619,,OQSECPPID,NW,200,104270152,27,103000152,17,31,1
105022006,20000619,,OQSECPPID,NW,200,104300152,30,103000152,17,31,1
105002559,20000617,,OQSECPPID,NE,100,104280017,28,103000017,17,30,1
105021766,20000619,,OQSECPPID,NW,200,104060151,6,103000151,16,31,1
105021757,20000619,,OQSECPPID,SW,400,104040151,4,103000151,16,31,1
105021761,20000619,,OQSECPPID,SW,400,104050151,5,103000151,16,31,1
105021745,20000619,,OQSECPPID,SW,400,104010151,1,103000151,16,31,1
105021749,20000619,,OQSECPPID,SW,400,104020151,2,103000151,16,31,1
105021753,20000619,,OQSECPPID,SW,400,104030151,3,103000151,16,31,1
105022030,20000619,,OQSECPPID,NW,200,104360152,36,103000152,17,31,1
105022023,20000619,,OQSECPPID,NE,100,104340152,34,103000152,17,31,1
105021953,20000619,,OQSECPPID,SW,400,104170152,17,103000152,17,31,1
105021957,20000619,,OQSECPPID,SW,400,104180152,18,103000152,17,31,1
105021924,20000619,,OQSECPPID,SE,300,104100152,10,103000152,17,31,1
105021921,20000619,,OQSECPPID,SW,400,104090152,9,103000152,17,31,1
105021917,20000619,,OQSECPPID,SW,400,104080152,8,103000152,17,31,1
105021913,20000619,,OQSECPPID,SW,400,104070152,7,103000152,17,31,1
105002565,20000617,,OQSECPPID,SW,400,104300017,30,103000017,17,30,1
105021933,20020422,,OQSECPPID,SW,400,104120152,12,103000152,17,31,1
105002517,20000617,,OQSECPPID,SW,400,104180017,18,103000017,17,30,1
105021882,20000619,,OQSECPPID,NW,200,104350151,35,103000151,16,31,1
105021891,20000619,,OQSECPPID,NE,100,104010152,1,103000152,17,31,1
105021875,20000619,,OQSECPPID,NE,100,104330151,33,103000151,16,31,1
105021870,20000619,,OQSECPPID,NW,200,104320151,32,103000151,16,31,1
105021866,20000619,,OQSECPPID,NW,200,104310151,31,103000151,16,31,1
105021885,20000619,,OQSECPPID,SW,400,104360151,36,103000151,16,31,1
105099644,20000619,,OQSECPPID,SE,300,104360691,36,103000691,16,1,2
105002353,20000617,,OQSECPPID,SW,400,104130016,13,103000016,16,30,1
105002487,20000617,,OQSECPPID,NE,100,104100017,10,103000017,17,30,1
105002475,20000617,,OQSECPPID,NE,100,104070017,7,103000017,17,30,1
105021898,20000619,,OQSECPPID,NW,200,104030152,3,103000152,17,31,1
105002493,20000617,,OQSECPPID,SW,400,104120017,12,103000017,17,30,1
105021895,20020422,,OQSECPPID,NE,100,104020152,2,103000152,17,31,1
105002483,20000617,,OQSECPPID,NE,100,104090017,9,103000017,17,30,1
105021911,20000619,,OQSECPPID,NE,100,104060152,6,103000152,17,31,1
105002364,20000617,,OQSECPPID,SE,300,104160016,16,103000016,16,30,1
105021972,20000619,,OQSECPPID,SE,300,104220152,22,103000152,17,31,1
105021906,20000619,,OQSECPPID,NW,200,104050152,5,103000152,17,31,1
105021894,20000619,,OQSECPPID,NW,200,104020152,2,103000152,17,31,1
105041220,20000630,,OQSECPPID,SE,300,104100286,10,103000286,16,32,1
105060765,20000703,,OQSECPPID,SW,400,104360421,36,103000421,16,33,1
105060727,20000703,,OQSECPPID,NE,100,104260421,26,103000421,16,33,1
105060753,20000703,,OQSECPPID,SW,400,104330421,33,103000421,16,33,1
105002550,20000617,,OQSECPPID,NW,200,104260017,26,103000017,17,30,1
105002572,20000617,,OQSECPPID,SE,300,104320017,32,103000017,17,30,1
105021768,20000619,,OQSECPPID,SE,300,104070151,7,103000151,16,31,1
105041358,20000630,,OQSECPPID,NW,200,104080287,8,103000287,17,32,1
105041397,20000630,,OQSECPPID,SW,400,104180287,18,103000287,17,32,1
105041372,20000630,,OQSECPPID,SE,300,104120287,12,103000287,17,32,1
105022033,20000619,,OQSECPPID,SW,400,104010153,1,103000153,18,31,1
105022048,20000619,,OQSECPPID,SE,300,104050153,5,103000153,18,31,1
105021852,20000619,,OQSECPPID,SE,300,104280151,28,103000151,16,31,1
105041197,20000630,,OQSECPPID,SW,400,104040286,4,103000286,16,32,1
105060636,20000703,,OQSECPPID,SE,300,104040421,4,103000421,16,33,1
105060853,20020419,,OQSECPPID,SW,400,104220422,22,103000422,17,33,1
105060825,20000703,,OQSECPPID,SW,400,104150422,15,103000422,17,33,1
105060953,20000704,,OQSECPPID,SW,400,104110423,11,103000423,18,33,1
105041480,20000630,,OQSECPPID,SE,300,104030288,3,103000288,18,32,1
105022027,20000619,,OQSECPPID,NE,100,104350152,35,103000152,17,31,1
105021928,20000619,,OQSECPPID,SE,300,104110152,11,103000152,17,31,1
105021903,20000619,,OQSECPPID,NE,100,104040152,4,103000152,17,31,1
105041380,20000630,,OQSECPPID,SE,300,104140287,14,103000287,17,32,1
105041392,20010815,,OQSECPPID,SE,300,104170287,17,103000287,17,32,1
105041366,20000630,,OQSECPPID,NW,200,104100287,10,103000287,17,32,1
105021848,20000619,,OQSECPPID,SE,300,104270151,27,103000151,16,31,1
105002438,20000617,,OQSECPPID,NW,200,104340016,34,103000016,16,30,1
105041489,20010419,,OQSECPPID,SW,400,104050288,5,103000288,18,32,1
105021999,20000619,,OQSECPPID,NE,100,104280152,28,103000152,17,31,1
105022012,20000619,,OQSECPPID,SE,300,104320152,32,103000152,17,31,1
105099596,20000619,,OQSECPPID,SE,300,104240691,24,103000691,16,1,2
105060654,20000703,,OQSECPPID,NW,200,104080421,8,103000421,16,33,1
105060664,20000703,,OQSECPPID,SE,300,104110421,11,103000421,16,33,1
105002434,20000617,,OQSECPPID,NW,200,104330016,33,103000016,16,30,1
105002430,20000617,,OQSECPPID,NW,200,104320016,32,103000016,16,30,1
105002309,20000617,,OQSECPPID,SW,400,104020016,2,103000016,16,30,1
105060900,20000703,,OQSECPPID,SE,300,104340422,34,103000422,17,33,1
105060864,20000703,,OQSECPPID,SE,300,104250422,25,103000422,17,33,1
105041506,20021213,,OQSECPPID,NW,200,104090288,9,103000288,18,32,1
105041288,20000630,,OQSECPPID,SE,300,104270286,27,103000286,16,32,1
105041541,20010913,,OQSECPPID,SW,400,104180288,18,103000288,18,32,1
105021879,20000619,,OQSECPPID,NE,100,104340151,34,103000151,16,31,1
105021871,20000619,,OQSECPPID,NE,100,104320151,32,103000151,16,31,1
105002389,20000617,,OQSECPPID,SW,400,104220016,22,103000016,16,30,1
105002358,20000617,,OQSECPPID,NW,200,104140016,14,103000016,16,30,1
105002325,20000617,,OQSECPPID,SW,400,104060016,6,103000016,16,30,1
105002478,20000617,,OQSECPPID,NW,200,104080017,8,103000017,17,30,1
105002488,20000617,,OQSECPPID,SE,300,104110017,11,103000017,17,30,1
